autor,fecha,tweet_id,texto,texto_tokenizado
Galgadot,2023-01-26T23:14:46Z,1618749316222562300,"This was one of the most moving and powerful experiences of my life and I am grateful for the opportunity to take part in such an important cause and coming full circle with my own personal family story. 

 May we always remember and never forget. 
I miss you Saba â™¥ï¸",
Galgadot,2023-01-26T23:14:19Z,1618749204121415700,"Standing in the recording booth, telling the unbelievable, unbearable stories, I thought about my Saba, and wondered if he would ever imagine his on granddaughter, telling these stories, in Hebrew, for the world to hear.",
Galgadot,2023-01-26T23:14:07Z,1618749151038312400,"Today is international holocaust day
 A little while ago, I had the honor of narrating a short film for visitors of the Auschwitz-Birkenau memorial and museum.
This is the same concentration camp my grandfather was in, the one he barely survivedâ€¦ https://t.co/Y4t21WPyUY",
Galgadot,2023-01-18T15:33:00Z,1615734005508309e3,"Are you ready for Rachel Stone? â™¥ï¸â™ ï¸
catch whatâ€™s coming to @Netflix in 2023 and see you in August ğŸ˜‰#NetflixSavetheDates https://t.co/yz8YPy173t",
Galgadot,2023-01-17T16:40:13Z,1615388535489429500,"the Dude and I ğŸ¤ 
We worked together on one of my very first modeling jobs and 20 years later he is still my photographer and close friend.
 Dudi has the ability and talent to capture me in the most unique moments and this is a little BTS photo of one of those rare moments https://t.co/K4eoOZgzjm",
Galgadot,2023-01-12T05:48:45Z,161341264759194e4,Suit upğŸ¤ https://t.co/5SxKyJe0ZX,
Galgadot,2023-01-09T18:28:09Z,1612516592419737600,ğŸ’œ https://t.co/IuGqCUYcgC,
Galgadot,2022-12-20T17:15:27Z,1605250541839417300,ğŸŠ https://t.co/5qGed4CktI,
Galgadot,2022-12-12T21:04:13Z,1602409008794636300,ğŸ’¦ https://t.co/C1S4ym3zsr,
Galgadot,2022-12-06T17:33:43Z,1600181707826946e3,"A few years ago it was announced that I was going to play Wonder Woman.Iâ€™ve been so grateful for the opportunity to play such an incredible, iconic character and more than anything Iâ€™m grateful for YOU.The fans.Canâ€™t wait to share her next chapter with youğŸ™…ğŸ»â€â™€ï¸ğŸ™ŒğŸ¼ğŸ’ƒğŸ»â™¥ï¸ https://t.co/XlzhrMx4xe",
Galgadot,2022-11-23T17:23:35Z,1.5954681149381919e+18,ğŸ¤ https://t.co/9J13cqzxuW,
Galgadot,2022-11-14T18:24:57Z,1592222065914163200,Go green ğŸ’šğŸ˜œ https://t.co/SehFRHNsZh,
Galgadot,2022-11-09T22:31:11Z,1590472093627723800,"Today is the last day to vote for the @peopleschoice awardsâœ¨
This was such a fun role for me to play. Thanks for the love.ğŸ¤ŸğŸ» #DeathOnTheNile  
Head on over to https://t.co/cHYf4mKvsz and pick your favs 
â­ï¸Drama Movie of 2022
â­ï¸Female Movie Star of 2022
â­ï¸Drama Movie Star of 2022 https://t.co/LH9DvGilie",
Galgadot,2022-11-03T17:39:04Z,158822425336687e4,ğŸ¤ https://t.co/bMbE4awkN8,
Galgadot,2022-10-25T23:15:05Z,1585047324455469e3,Proud âœ¡ï¸ https://t.co/MBMNT6Pg6D,
Galgadot,2022-10-19T15:18:03Z,1582752948806746e3,Starting my day with a smile ğŸ’™ https://t.co/u1Hlj0HVOR,
Galgadot,2022-10-08T19:46:06Z,1578834136235589600,ğŸ–¤ https://t.co/YfFtsrP8KF,
Galgadot,2022-09-24T17:12:47Z,1573722122773569500,"Meet Rachel Stone! â¤ï¸
Iâ€™m extremely excited to share this exclusive first Look at HEART OF STONE, coming to Netflix in 2023. 
#Tudum @netflix #HOS https://t.co/juz0JPxd8K",
Galgadot,2022-09-23T15:03:52Z,1573327293795438600,ğŸ¥› https://t.co/o71YsSyNoF,
Galgadot,2022-09-19T15:48:18Z,1571888923424575500,ğŸ–¤ https://t.co/6IIvlwS2Fd,
Galgadot,2022-09-14T15:50:20Z,1570077496837640200,"Are you ready for TUDUM? âœ¨ğŸ’«
Donâ€™t miss the exclusive HEART OF STONE debut plus many more fun treats! 
September 24 at 10am PT only on YouTube
#tudum @netflix https://t.co/DV0B8PUO7o",
Galgadot,2022-09-11T15:21:48Z,1568983153494335500,ğŸŒ¹ğŸ”® #SnowWhite                      ğŸ“¸@imdb &amp; Corey Nickols https://t.co/u4GtNGDbqd,
Galgadot,2022-09-10T03:15:55Z,1568438092117475300,"Thank you for having us #D23 ! Snow White 2024 ğŸğŸ«¦@rachelzegler 

VC &amp; ğŸ“¸: @IMDb &amp; @unicornfightclub https://t.co/Jv5zSP5L1Q https://t.co/ZBrRyapsOD",
Galgadot,2022-09-01T13:49:07Z,1565335948954443800,"We had the honor of meeting with president Isaac Herzog and the first lady yesterday
and the pleasure of discovering such a warm, open hearted, interesting couple who wants to bring people together and strive to do good things
It was so inspiring... 
@JaronVarsano https://t.co/74On30duFw",
Galgadot,2022-08-28T14:26:23Z,1563895777260408800,â˜€ï¸ https://t.co/CDayJBj5SP,
Galgadot,2022-08-22T15:12:40Z,1561733095870587e3,A NOT so typical day in August for a mother of 3 ğŸ˜œ ğŸ§¡ https://t.co/fgez7BGlpN,
Galgadot,2022-08-17T14:34:10Z,1559911469390745600,ğŸ’šğŸ¤ https://t.co/9fc9EM7qTn,
Galgadot,2022-08-10T14:49:51Z,1557378700286431200,@jamiegraceh @RealLyndaCarter @mamamonaharper @PattyJenks â¤ï¸â¤ï¸,
Galgadot,2022-07-31T15:04:17Z,1553758452509556700,"My plans for today: stay in bed
My girls' plans for today: not https://t.co/dGx0wR7MbD",
Galgadot,2022-07-28T12:27:59Z,1552631954658496500,"My hubby @JaronVarsano , itâ€™s been such a joy bringing this to life with you under our company PilotWave 
I canâ€™t wait until you all can meet Rachel Stone. 
And now!!!!! â€¦.. I rest. â¤ï¸âœŒğŸ»â¤ï¸",
Galgadot,2022-07-28T12:26:28Z,1552631575564746800,"To those who believed in this project, @NetflixFilm @Skydance #MockingbirdProductions. Thank you to Greg Rucka and Allison schroeder for bringing this story to life. 
Our amazing cast, itâ€™s been a pleasure working besides you all. 
And our fearless leader Tom Harper.",
Galgadot,2022-07-28T12:24:26Z,1552631064052617200,"I am so proud and must first of all thank all of of the hundreds of crew members whoâ€™ve worked tirelessly on this film, the crews in the UK, Italy, Iceland, Morocco, and Portugal! This is going to be huge!",
Galgadot,2022-07-28T12:23:52Z,1552630920577949700,"And thatâ€™s a picture wrap!! I canâ€™t believe we are done. this idea came to me about 4 1/2 years ago with only a name, Stone. And today we are finishing an almost 5 months journey in 5 countries! https://t.co/eVeu8cLFpD",
Galgadot,2022-07-24T20:21:16Z,1551301509819895800,"Happy bday to one of my favorite people @PattyJenks 
ğŸ€â™¥ï¸ğŸ€ https://t.co/BAu5IuzVZt",
Galgadot,2022-07-20T15:58:00Z,1549785705634824200,The upside down  ğŸ¤¸â€â™€ï¸ https://t.co/h5zNZ19FAV,
Galgadot,2022-07-18T16:32:20Z,1549069568735322e3,ğŸ¤ https://t.co/am7LGbllmu,
Galgadot,2022-07-10T10:08:36Z,1546073898097205200,â¤ï¸â¤ï¸ @aliaa08 https://t.co/pFoGIlB5Py,
Galgadot,2022-07-06T15:57:10Z,1544712067147612200,"Three of my favs - the beach, sunsets and riding bikes in a suit ğŸ˜œ https://t.co/267oyC4KUQ",
Galgadot,2022-06-30T14:16:56Z,1542512515405344800,"ğŸ’
@TiffanyAndCo https://t.co/dWdYic7yUz",
Galgadot,2022-06-23T08:43:47Z,1539891957853479e3,"Happy birthday to my greatest love! 
my forever partner - in love, in life, in all. 
wishing you everything we ever dreamed of and Iâ€™m here by your side while we make it come true â¤ï¸ I love you baby @JaronVarsano https://t.co/xMD9e5J40R",
Galgadot,2022-06-22T16:25:43Z,1539645819879469e3,ğŸ’‹ https://t.co/g1TtKPaqga,
Galgadot,2022-06-12T17:20:01Z,1536035606081548300,Hope your Sunday is as happy as mine  ğŸ˜„  #SmilingIsContagious https://t.co/WRjr2vk2SN,
Galgadot,2022-06-07T17:20:49Z,1534223870160425e3,A little green goes a long way ğŸ’š https://t.co/o5yAOJK2i5,
Galgadot,2022-06-02T13:55:37Z,1532360287311040500,ğŸ˜Š https://t.co/cxZCXyCdAu,
Galgadot,2022-05-29T11:58:57Z,1530881378191085600,ğŸ¤ https://t.co/nh3H2zK6S2,
Galgadot,2022-05-23T15:33:24Z,1528761017777389600,"Starting another intense and fun week on the set of HOS...  Can't wait for all of you to see this amazing film... coming soon :)
#HeartOfStone #HOS @NetflixFilm 
@Skydance https://t.co/b6dnrbpOfu",
Galgadot,2022-05-19T14:32:49Z,1527296220489654300,Taking it easy today before jumping into another late night shooting ğŸ’™ https://t.co/q3wjr4R2GG,
Galgadot,2022-05-12T14:41:18Z,1524761638645158e3,ğŸš² https://t.co/ijvz4pZulv,
Galgadot,2022-05-08T14:47:01Z,1523313527536062500,"Happy mother's day!
I'm so lucky to have my mom by my side on this crazy journey,to give me strength,to share her knowledge and to show me endless love &amp; support.
She is my rock and my comfort.  
All you incredible moms out there - you are the power that move this earth, thank u! https://t.co/UQd2SiWEfb",
Galgadot,2022-05-01T16:03:57Z,1520796175502393300,"We took a little family vacation before the next adventure ğŸŒ³â˜€ï¸â¤ï¸
Just the five of us, some good food and a whole lot of nature. 
Now I'm more than ready to jump into a new exciting project. https://t.co/AVKtvdy7po",
Galgadot,2022-04-20T15:32:06Z,1516801891212144600,"When you can't show your costume but still need to walk around set ğŸ¤«
#TB https://t.co/1Q282yawCs",
Galgadot,2022-04-18T13:13:25Z,1.5160422138007839e+18,"Welcoming the new week very casually... ğŸ˜ 
#WW84 https://t.co/y7r8Wvgjmh",
Galgadot,2022-04-17T14:54:29Z,1515705260853055500,Stay in bed kind of day ğŸ¤ https://t.co/OcHBNo5WOo,
Galgadot,2022-04-11T15:51:28Z,1513545275603828700,ğŸ’‹ https://t.co/6K7llgcaoe,
Galgadot,2022-04-05T14:10:13Z,151134546828612e4,I willâ€¦ https://t.co/mytBLdB6oQ,
Galgadot,2022-04-03T10:15:12Z,1510561548674252800,ğŸ¬ğŸŒŠ https://t.co/Y8bopBqCD2,
Galgadot,2022-03-29T15:37:57Z,1508830829631328300,"So many GOODER thingsâ€¦ ğŸŒˆ
@AllGoodles 
https://t.co/dRkDBStPCu https://t.co/lK4g5rGbYb",
Galgadot,2022-03-25T18:38:49Z,1507426796014346200,Ready for the weekend ğŸ¤ https://t.co/o558sxwppg,
Galgadot,2022-03-18T18:35:08Z,1504889153380565e3,"Taking a little @allgoodles break ğŸŒˆ

â€”
GG, Founding Partner https://t.co/HnSErj6u0P",
Galgadot,2022-03-16T17:32:19Z,1504148569749704700,"Happy hump day y'all! 
Anyone else needs a nap? https://t.co/TOojZBCK21",
Galgadot,2022-03-14T16:16:11Z,1503404633238257700,Purim is one of my favorites holidays and making Hamantash with my girls is definitely one of my favorite things about it â¤ï¸ https://t.co/9PqB0phkqs,
Galgadot,2022-03-14T07:56:36Z,1503278908615151600,"Congratulations to the amazing @halleberry, the recipient of this year's @SeeHerOfficial award.
Halle has been breaking down barriers, both on and off screen for her entire career and is a true inspiration for girls all over the world. 
I'm so honored to welcome her to the clubğŸ¤ https://t.co/SPwY1Drkjb",
Galgadot,2022-03-08T19:32:14Z,1501279646658166800,"If you haven't seen it yet you can head over to my YouTube channel to watch all the episodes, I'm sure you will be inspired.
And let's celebrate women all day, every day ğŸ¤

https://t.co/DwWooMuRAf",
Galgadot,2022-03-08T19:31:54Z,1501279560545058800,"This day last year we released the first IMPACT trailer to the world. 
This project is still the epiphany of #internationWomensDay in my eyes - extraordinary women, from different places working endlessly to 
 better the world. https://t.co/8au1ajMQD2",
Galgadot,2022-03-07T16:08:11Z,1500865906892849200,"Rachel Stone. Nice to meet youğŸ’‹
#HeartOfStone @NetflixFilm 
@JaronVarsano @Skydance https://t.co/ZgY3RTPVLH",
Galgadot,2022-03-06T15:53:53Z,1500499921132306400,"A little Kenneth Branagh magic... âœ¨
I'm grateful for the chance to work with such inspiring artists. 
@BelfastMovie is an incredible creation and Jamie Dornan was so great in it that I had to find a project for the both of us :)
have a great award season, you guys deserve it! https://t.co/0cmczakFW9",
Galgadot,2022-02-24T18:35:32Z,1496916720015102e3,ğŸ˜™ https://t.co/hzQAUJZgNh,
Galgadot,2022-02-22T16:41:55Z,1496163355089936400,TB â¤ï¸ğŸ–¤ https://t.co/vutr6SQPgU,
Galgadot,2022-02-19T20:22:40Z,1495131744420380700,"So much drama...! ğŸ”¥ğŸ˜ 
#WW BTS https://t.co/pO671UcMHu",
Galgadot,2022-02-16T17:06:48Z,1493995288532500500,ğŸ¤â˜ï¸ https://t.co/fAuVRDAADt,
Galgadot,2022-02-14T15:08:14Z,1493240675164373e3,"I'd go anywhere with you
my always, my forever, my Valentine â¤ï¸ @JaronVarsano https://t.co/CkfEZiZFFm",
Galgadot,2022-02-12T17:54:57Z,1492557855274250200,"Since the next couple of months are going to be so busy and hectic we decided to spent this beautiful Saturday outdoor in the winter sun, taking some family time off before diving in to some incredibly exciting new projects. 
ğŸŒ³ğŸƒâ˜€ï¸ https://t.co/SZ8k9GFxq6",
Galgadot,2022-01-30T16:32:56Z,1487826170397745200,Oh how I miss hot summer days â˜€ï¸ @VanityFair sessions by Dudi Hasson https://t.co/D00G4tjPeD,
Galgadot,2022-01-29T18:45:08Z,1487497054482047e3,"Pia always makes the best edits! Thank you for this cool one inspired by @AliciaSilv and @DrewBarrymore 
â™¥ï¸ https://t.co/wqLjOFbdYO",
Galgadot,2022-01-26T20:44:32Z,1486439938241478700,ğŸ¤ https://t.co/c7cyuCSZ5c,
Galgadot,2022-01-24T19:28:54Z,1485696128351936500,ğŸ’‹ https://t.co/RZz71gZbSb,
Galgadot,2022-01-20T18:26:35Z,1484230892868587500,ğŸ‰ https://t.co/k5aS7Xb9BI,
Galgadot,2022-01-14T16:16:22Z,1482023796890640400,"As long as I got my coffee, I'm ready for anything ğŸ§‹ https://t.co/DIZILr5CJD",
Galgadot,2022-01-12T15:35:56Z,1481288845870182400,ğŸ™ https://t.co/baKHdIuOFn,
Galgadot,2022-01-07T16:12:39Z,1479486145499127800,ğŸ’š https://t.co/HqjLVTz7Q0,
Galgadot,2022-01-04T20:06:33Z,1478457844118835200,"What is something my fans don't know about me? watch this video to find out ğŸ¤”
@InStyle https://t.co/xovTWGBoEk",
Galgadot,2022-01-04T16:07:42Z,1478397736709939200,Thank you so much for having me @InStyle and thank you @laurabrown99 for being so awesome! â¤ https://t.co/YiOGyClVUl,
Galgadot,2022-01-03T18:23:21Z,1478069488050393e3,Work and snack ğŸ˜œ https://t.co/fs6JK4SwUQ,
Galgadot,2021-12-28T16:53:56Z,1475872656620675e3,ğŸ˜‰ https://t.co/1FDJMm4MoU,
Galgadot,2021-12-25T17:36:52Z,1474796298826129400,"WW84 is 1 year old!
Can't believe it's been a year since this incredible movie came out and touched so many hearts! 
I'm so grateful to be playing such an amazing character, to spread her powerful message and share her wonder with all of u
Can't wait to be back in those boots... https://t.co/1DvcgfRZR2",
Galgadot,2021-12-20T16:22:04Z,1472965536254414800,"Sometimes you just need someone to talk to...
#RedNotice @NetflixFilm @netflix https://t.co/gx7gdgV5Rx",
Galgadot,2021-12-19T16:51:41Z,1472610600790470700,ğŸ¤ https://t.co/UjVv6vCuQ3,
Galgadot,2021-12-18T16:25:30Z,1472241622830268400,ğŸ–¤ https://t.co/230raG6ivL,
Galgadot,2021-12-16T18:17:12Z,147154495872947e4,âœŒ https://t.co/ORdGLqJkqF,
Galgadot,2021-12-15T17:22:41Z,1471168848980238300,"I'm shocked &amp; incredibly thankful to @drewbarrymore for this amazing surprise!
I'm a little teary eyed cuz of your kind words. You are a true inspiration, always sticking up and showing love and support to other women, I'm such a fanğŸ™
@allgoodles
@DrewBarrymoreTV  @helloross https://t.co/r3LimBNkXS",
Galgadot,2021-12-11T20:12:17Z,1469761980412186600,"The issue of the third egg... ğŸ¥š
#RedNotice 
@TheRock @VancityReynolds @RawsonThurber @NetflixFilm https://t.co/agNwXMVqD8",
Galgadot,2021-12-10T16:18:09Z,1469340669743358e3,ğŸŒ³ğŸ’š https://t.co/mPiXGvF6Dp,
Galgadot,2021-12-06T17:04:38Z,1467902818153635800,ğŸ¤” https://t.co/UBvO5ubaxf,
Galgadot,2021-12-04T17:03:05Z,1467177651328753700,Look who joined me on my workout today â¤ï¸ğŸ˜˜ğŸ’ª https://t.co/TqXQespp8k,
Galgadot,2021-12-02T19:45:30Z,1466493748335026200,"Feeling festive? ğŸ’« 
Let's rock the holiday season! ğŸ¸âœ¨
#TiffanyandCo #TiffanyFavorites
@TiffanyAndCo https://t.co/Dzv730tssv",
Galgadot,2021-12-01T16:16:55Z,1466078870449242e3,ğŸ’¥ğŸš¨ğŸ’¥ğŸš¨ğŸ’¥ https://t.co/sj0giQAmcs,
Galgadot,2021-12-01T05:37:17Z,1465917900452204500,"Wow wowâ€¦WOW! You guys I canâ€™t tell you how happy, how grateful, how blown away I am by these crazy stats and info. You have made our movie the BIGGEST movie in the HISTORY of @netflixfilm! Your love means the world &amp; never to be taken for granted. Thank YOU â™¥ï¸ #RedNotice https://t.co/H4o7QvKbHz",
Galgadot,2021-11-30T19:42:32Z,1465768228051902500,"Affordable medicine for all at your fingertips. Â 
Try it! @khealth
#KHealthInvestor",
Galgadot,2021-11-30T19:41:26Z,1465767950762262500,"I was so fascinated and intrigued by this amazing easy to use app I just had to find out all about it.
I am happy to say today we are embarking on a new journey with @Khealth, giving easy access to medical care without needing to leave your home.",
Galgadot,2021-11-30T19:40:49Z,1465767792918114300,"A while ago I had the worst headache, it was early in the pandemic and I just didn't want to leave my house.Â 
A friend recommended @khealth app and within 10 minutes I was chatting with a doctor and getting medical advice.Â 
It was so easy (it was just a migraine by the wayÂ ğŸ˜) https://t.co/xH7LqSIbpX",
Galgadot,2021-11-29T19:01:50Z,1465395597012312e3,ğŸš¨â¤ https://t.co/JmTqBpRQiE,
Galgadot,2021-11-29T18:08:27Z,1465382162564325400,"Check Check! â™Ÿï¸
Have you met the bishop already? 
Go check her out...
#RedNotice is on @netflix 
@TheRock @VancityReynolds https://t.co/vK2uPRgAB8",
Galgadot,2021-11-27T16:49:49Z,1464637595686744e3,ğŸ¤ https://t.co/9dwhU4Q50o,
Galgadot,2021-11-24T16:45:55Z,1463549453307101200,"""She looks like Cleopatra and a graceful swan made love and ended up on the cover of Vogue"" 
well, thank you guys ğŸ˜ watch @VancityReynolds , @TheRock  and myself try to describe each other to a forensic sketch artist
#RedNotice
@netflixfilm https://t.co/91cD6kEqrF",
Galgadot,2021-11-22T14:59:10Z,1462797811460808700,ğŸ˜˜ https://t.co/eNQjsDoRd2,
Galgadot,2021-11-21T18:29:41Z,1462488400460669e3,"What happens when you cast me with the two funniest men ever? well, I crack up, a lot! ğŸ˜‚ğŸ™„ğŸ˜œ
#RedNotice bloopers are here!
@theroc @vancityreynolds @RawsonThurber  @netflixfilm @netflix 

https://t.co/XVa1QqNvcb",
Galgadot,2021-11-18T16:46:11Z,1461375193692135400,ğŸ–¤ https://t.co/5GjkwhRdQi,
Galgadot,2021-11-16T19:24:55Z,1460690361022619600,ğŸŒˆğŸŒˆğŸŒˆ https://t.co/frHFmYbpN0,
Galgadot,2021-11-16T19:24:19Z,1460690212414181400,ğŸŒˆğŸŒˆğŸŒˆ https://t.co/lzizvJ5wKe,
Galgadot,2021-11-16T19:18:54Z,1460688850221777e3,"GOODLES is HUGE ğŸŒˆ
I'm so excited to bring you what we have been working on for so long.
GOODLES is a gooder Mac &amp; Cheese - thatâ€™s packed with nutrients and super yummy! ğŸ¦„
Honestly this is the best tasting mac I've ever had. Â 
Try it:
https://t.co/t3czhWdvf1
GG, Founding Partner https://t.co/g8MJhdwh4V",
Galgadot,2021-11-16T15:27:41Z,1.4606306617321759e+18,"AmazingÂ news - RED NOTICE is officially the biggest openingÂ weekend inÂ @netflix history and the #1 movie in the world!
Thank u to all of you who watched it, liked it, shared it, I'm so grateful to see all of your wonderful responses from around the worldÂ  ğŸ™â¤ï¸ 
#RedNotice https://t.co/AV1szPfAAB",
Galgadot,2021-11-15T16:56:19Z,1460290579640864800,I'm out âœŒ https://t.co/oXexmffuMr,
Galgadot,2021-11-14T00:49:32Z,1459684889981190100,"This is amazing!!!! What can I say, you guys are the best and the reason why we make these films. So grateful and excited!!! Congratulations @Netflix and to the entire #RedNoticeMovie team â™¥ï¸ğŸ’ƒğŸ»
@TheRock @VancityReynolds https://t.co/YXgwRo2xK8",
Galgadot,2021-11-13T05:23:06Z,145939135112081e4,"Don't believe anything these guys tell you... just watch it for yourself ğŸ˜œ
Red Notice is available on Netflix now! ğŸš¨
@TheRock @VancityReynolds @netflix #RedNotice https://t.co/wRZjWPD5mm",
Galgadot,2021-11-13T01:14:20Z,1459328746721353700,"Gotta love a man with a plan... 
 RED NOTICE is out! ğŸš¨
@TheRock @VancityReynolds @netflix @NetflixFilm https://t.co/UXQxLl55SI",
Galgadot,2021-11-12T22:28:18Z,1459286959587831800,"If you ever wondered what our karaoke nights sound like... ğŸ’ƒğŸ•º
@TheRock @VancityReynolds

RED NOTICE out now!

https://t.co/XVgISCnhC8",
Galgadot,2021-11-12T02:24:47Z,1458984087935463400,"RED NOTICE is almost here!
I'm so excited for the biggest @netflix project ever, staring 2 totally anonymous unattractive guys with no charismağŸ˜œ 
I've been waiting to share with the world the many ways I beat them for so long, so here it goes...
@TheRock  @VancityReynolds https://t.co/aIuWpGaQsm",
Galgadot,2021-11-11T21:13:30Z,1458905749636071400,"ğŸ’«
@GlamourMex https://t.co/ldXbPg0Xrq",
Galgadot,2021-11-10T16:05:07Z,1458465752718188500,"Some people can't take a hint.
 Tell us loud and clear whoâ€™s wronged you by tweeting #RedNotice &amp; see your tweet on the Times Square billboard.
 Iâ€™ll kick things off: @therock &amp; @VancityReynolds, eating MY fries doesnâ€™t mean they â€œdonâ€™t count.â€ Youâ€™re on #RedNotice, get your own! https://t.co/7lDxWBKrA5",
Galgadot,2021-11-10T04:33:15Z,1458291642272653300,"Had a blast chatting with @JKCorden, just like I always do ğŸ˜˜ 
Tune in tonight to do the same 
@latelateshow https://t.co/hTsxxvcphK",
Galgadot,2021-11-09T23:48:49Z,1458220061664047e3,"""I am a very simple complicated person""
Happy birthday to the incredible Hedy Lamarr! 
I'm so fascinated by this moving actress, ground-breaking inventor and overall inspiring woman, and I cannot wait to share with you her story 
ğŸ¤ https://t.co/TacBBh46Ln",
Galgadot,2021-11-05T17:34:40Z,1456676351772090400,"Just a couple of cool cats taking a break ğŸ˜º

#WW84
#KristenWiig https://t.co/b95w8EIUYI",
Galgadot,2021-11-04T04:53:08Z,1456122318405738500,"It's always fun hanging with @jimmykimmel and @TheRock â¤
Watch us tonight on @JimmyKimmelLive
#RedNotice https://t.co/XOPeCOx8tf",
Galgadot,2021-11-03T15:53:22Z,1455926083325464600,ğŸ¤ https://t.co/GVS1OQ8rFS,
Galgadot,2021-10-21T22:04:53Z,1451308535829127200,"Join me in celebrating 80 years of Wonder Woman! ğŸ’«
Iâ€™m excited to announce my exclusive Wonder Woman Collection! 
Check out this link for the details:
https://t.co/LTWP7zrwoe
and I hope you enjoy wearing it as much as I did creating it!
#80YearsofWonderWoman https://t.co/b26lxogkdz",
Galgadot,2021-10-21T15:04:42Z,1451202794229158e3,@Ritu_Arya_ @netflix @TheRock @VancityReynolds @RawsonThurber @NetflixFilm â¤ï¸â¤ï¸â¤ï¸,
Galgadot,2021-10-21T13:36:57Z,1451180709662507e3,"Number one criminal mastermind in the world? Has a nice ring to it. 
Join @therock, @vancityreynolds and me when #RedNotice is in select theaters Nov 5 and on @Netflix November 12! https://t.co/IwLOIPohFj",
Galgadot,2021-10-20T07:30:25Z,1450726080176926700,"what an incredible night! ğŸ’ƒğŸ»
So moving, empowering and fun...
I'm grateful to be part of such a wonderful group of women.
Theyâ€™re all so powerful, inspiring and just freaking amazing!
Thank you @elleusa for this wonderful award and for a great evening. 
ğŸ“· Frazer Harrison / Getty https://t.co/lSeGuVq9Mu",
Galgadot,2021-10-19T18:22:15Z,1450527731272274e3,"You brought me to tears and touched my heart in so many ways. I am so proud and honored to see you wear the Wonder Woman outfit and to help you show the world what a true super hero looks like ğŸ™
@PattyJenks",
Galgadot,2021-10-19T18:21:23Z,1450527514149986300,"""I want to show everyone that anything is possible, even in a wheelchair.
Life goes on, even when it's not easy, even when you face challenges, you can still reach your goals!""
Thank you @tomer_margalit for this beautiful dance and powerful words. https://t.co/go6xXDHo4e",
Galgadot,2021-10-18T23:14:44Z,1450238951629852700,@RealLyndaCarter â¤ï¸â¤ï¸â¤ï¸,
Galgadot,2021-10-18T13:54:49Z,1450098044226183200,"I am so excited to be a part of Elle's 2021 women in Hollywood issue and honored to be sharing it with such an amazing inspiring group of women.
Thank you for having me @ELLEmagazine and @ninagarcia and for letting me roll around in the grass ğŸŒ± https://t.co/TrkRAFNgna",
Galgadot,2021-10-13T15:35:15Z,1448311377349775400,"Mazal Tov to my long lost  brother @SachaBaronCohen ğŸ¥‚ğŸ‚
hope you have an amazing Bday! https://t.co/KYp6UNsiSB",
Galgadot,2021-10-12T18:30:23Z,1447993063582883800,ğŸ–¤ https://t.co/i1tI6fh3Kw,
Galgadot,2021-10-07T15:23:37Z,1446134122393464800,"#TB to my first table read at @nbcsnl 4 years ago!
It was such an exciting, nerve wracking, challenging week and I loved every minute of it! 
Can't wait to do it again ğŸ˜œ https://t.co/GvIlPv4uDG",
Galgadot,2021-10-06T16:23:17Z,1445786749284675600,Getting ready for my next shot ğŸ“½ https://t.co/THYS6GdKFd,
Galgadot,2021-10-05T19:58:14Z,1445478455999492e3,Mama bearğŸ€â™¥ï¸ğŸ€@RealLyndaCarter https://t.co/9mnzaT3gov,
Galgadot,2021-10-03T15:45:34Z,1444690094431084500,Enjoying the last days of Telavivian sun â˜€ï¸ https://t.co/WUP1kP7pXG,
Galgadot,2021-09-28T13:10:12Z,1442839055151009800,"Look at those two kids on the happiest day in their life... 
Happy 13th anniversary @JaronVarsano! 
Forever isn't long enough when we are together, thank you for being my partner, my rock, my all.
I love you ğŸ¤ https://t.co/Jlk46ttAX8",
Galgadot,2021-09-25T17:02:58Z,1441810470592209e3,"A two on one fight! Thatâ€™s unfairâ€¦ for you ğŸ˜Š 
Go and send your condolences to @therock and @vancityreynolds, itâ€™s not their fault the cards were stacked against them.

Catch #RedNotice on @Netflix November 12!

@netflixfilm @rawsonthurber
#TUDUM https://t.co/GH7aks1rx6",
Galgadot,2021-09-22T15:16:41Z,1440696561634201600,"I promise Iâ€™ll NEVER do that again if you get vaccinated!
Watch the whole video
@FamilyGuyFox https://t.co/npZ6fRhOnM",
Galgadot,2021-09-18T15:36:43Z,1439252050299265e3,"Bringing out my inner bat ğŸ¦‡
Happy Batman day!
#BatmanDay2021
#BatmanDay https://t.co/dAr3Kz4nqA",
Galgadot,2021-09-13T17:00:06Z,1437461093803339800,Let's do this ğŸ’ªâœŒï¸ https://t.co/pWnLrFHFRY,
Galgadot,2021-09-08T15:02:48Z,1435619634800173e3,"Delicate but tough, the new @TiffanyAndCo Knot collectionÂ ğŸ’«
Â #TiffanyPartner https://t.co/gubRIgroeT",
Galgadot,2021-09-06T13:58:15Z,1434878614613397500,"This is me, taking a moment thinking about the last year.
This is me, counting all its blessings.
This is me, overcoming all its challenges
This is me, being thankful for all its lessons
This is me, ready for a new year.
Happy #RoshHashana my friends! Have a wonderful yearğŸğŸ¯ğŸ’š https://t.co/Ts44m2KFjf",
Galgadot,2021-09-02T19:45:25Z,1433516432403452e3,ğŸ’ƒğŸ»â¤ï¸ğŸ’ƒğŸ»â¤ï¸ğŸ’ƒğŸ» https://t.co/kuh9GYj2Jb,
Galgadot,2021-09-02T13:42:00Z,1433424975646494700,"The ultimate game of wits is just getting started. @TheRock, @VancityReynolds,  see if you can keep up!
Watch the brand new teaser for #RedNotice now! Coming to @netflix  November 12. https://t.co/tXvYgeaVov",
Galgadot,2021-08-31T10:47:27Z,1432656271581253600,ğŸ’” https://t.co/IvvbEYNd0B,
Galgadot,2021-08-29T15:23:14Z,1432000898868433e3,"Dreaming of colder days â„ï¸
(while sweating in August with 3 kids) https://t.co/JOJhZQlYsf",
Galgadot,2021-08-26T15:08:13Z,1430909955427639300,"To the one who can make me laugh till my stomach hurts - Happy bday #ChrisPine â¤
Thank you for helping me ruin the best takes ğŸ˜œ https://t.co/WDGm6fx3s2",
Galgadot,2021-08-25T15:30:44Z,1430553234276507600,"Back to work ğŸ’ªâœŒï¸
#WorkingMoms https://t.co/RYcVWXf6aD",
Galgadot,2021-08-23T06:47:23Z,1429696754853703700,"From glamming it up, to chilling on floors, we do it all!
Happy birthday to my partner in crime #KristenWiig
I love you K! â¤ï¸ https://t.co/MnPLbWYrhu",
Galgadot,2021-08-19T15:39:13Z,1428381044512862200,My sunshine https://t.co/9S4wmzBhxV,
Galgadot,2021-08-17T17:26:09Z,1427683180501422e3,"Just me, backstage, being a mom ğŸ˜ https://t.co/PIQuO3QYxS",
Galgadot,2021-08-16T15:31:44Z,142729199493052e4,ğŸ’¡ https://t.co/GC2B2Wp7SO,
Galgadot,2021-08-11T15:30:17Z,1425479692161884200,"It's getting closer...
#RedNotice
@netflix https://t.co/RnFw1XQ41b",
Galgadot,2021-08-08T18:48:12Z,1424442337443319800,Got to spend an amazing day with some amazing creatures ğŸ¬ https://t.co/7IXCbghGXv,
Galgadot,2021-08-04T04:24:52Z,1422775521826545700,"Bike ride in a power suit, so casual... https://t.co/TlfHef4jNi",
Galgadot,2021-08-01T17:47:24Z,1421890320795537400,"Girlfriends are the strongest force in the world - they can move mountains, lift your spirit and make anywhere feels like home in a heartbeat.
my friends mean the world to me and I'm so happy to share this journey with them â¤
#HappyGirlfriendsDay https://t.co/NpOdItbXN2",
Galgadot,2021-07-25T15:53:42Z,1419324992303603700,"#TB to my first Comic-Con back in July 2014. 
The last 7 years were an amazing ride and I'm more than ready for whatever the next 7 will bring :)
@Comic_Con
Video by @photog.pia.s https://t.co/JIIAug1U5g",
Galgadot,2021-07-24T22:32:29Z,1419062961973338e3,"@RealLyndaCarter aka mama bear, happy bday!! Youâ€™re a true wonder and Iâ€™m blessed to have you in my life! Wishing you the very best of everything ğŸ€ğŸ™Love you â™¥ï¸ https://t.co/ZuV1yrK6f8",
Galgadot,2021-07-24T16:49:40Z,1418976686582993e3,"Today is @PattyJenks bday!  
I wish you all the best things this world has to offerâ¤ï¸
May our journey always be filled with lots of laughter, great food, beautiful vacations and endless conversations into the night. 
So glad the forces of the world brought us together, I love u! https://t.co/uqBZk0EIIx",
Galgadot,2021-07-22T19:35:19Z,1418293599326847e3,"TAking a break, BRB ğŸ’¦ https://t.co/YVeQkLECsu",
Galgadot,2021-07-21T18:08:18Z,1417909315076251600,"We are â¤ï¸
@JaronVarsano https://t.co/tfVwLkDpKF",
Galgadot,2021-07-18T16:42:29Z,1416800555540877300,"Happy ice cream day to my favorite dessert, the one who is always there for me, making me smile and showing me sweet love! ğŸ˜œğŸ¦ https://t.co/tCYJLkzYrx",
Galgadot,2021-07-14T19:14:30Z,1415389259167674400,I really love this photo from a photoshoot we did last time I was in Tel Aviv ğŸ¤ https://t.co/ijTGStlrDd,
Galgadot,2021-07-08T15:35:35Z,1413159840193601500,"Let me just put this here.
I Canâ€™t wait for you to see this. @Netflix biggest movie #REDNOTICE premiering Nov.12th!
Thank you @RawsonThurber for bringing me onto this project. being able to work with my friends @VancityReynolds &amp; @TheRock was the icing on the cake. https://t.co/4GzJpbR2Wy",
Galgadot,2021-07-04T19:39:36Z,1411771697699643400,Happy 4th â¤ï¸ğŸ’™ğŸ¤ https://t.co/IT0i3ot90M,
Galgadot,2021-06-30T04:24:19Z,1410091805832405e3,@RealLyndaCarter Love you mamaâ™¥ï¸,
Galgadot,2021-06-29T17:28:32Z,1409926772301308e3,My sweet family ğŸ–ğŸ¼I couldnâ€™t be more grateful and happy (and tired ğŸ¤ª) we are all so excited to welcome Daniella into our family. Iâ€™m sending all of you love and health. GG â™¥ï¸ğŸ–ğŸ¼ğŸ–ğŸ¼ğŸ–ğŸ¼ğŸ–ğŸ¼ğŸ–ğŸ¼ https://t.co/FmZdJRiRZD,
Galgadot,2021-06-25T22:35:21Z,1408554434226012200,"My beloved Tel Aviv celebrated Pride 2021 today in a colorful parade today!
 It's an amazing reminder to us all that love is the most powerful force in the world, it can overcome all obstacles and change the world!
Â â¤ï¸ğŸ§¡ğŸ’›ğŸ’šğŸ’™ğŸ’œ
#Pride2021 https://t.co/DnNMl6tBpG",
Galgadot,2021-06-25T07:39:01Z,1408328865429217300,Iâ€™ll miss your show @TeamCoco but Iâ€™m sure Iâ€™ll see you again! Just next time pls give me the heads up before crashing my house in Tel Aviv..ğŸ˜‰ https://t.co/XOXn9udGsj,
Galgadot,2021-06-22T19:13:39Z,1407416509928980500,It's no invisible jet but I guess it will do :) https://t.co/G4sxSZ8bCd,
Galgadot,2021-06-22T05:55:27Z,1407215639538847700,"What does it mean to really make an Impact? 
I'm so proud and happy to bring you IMPACT's network premiere! 
Watch these six amazing women and their incredible stories change the world. 
IMPACT airs Thursday June 24th on @NatGeoTV #IMPACT #WomenOfImpact https://t.co/lP01xfEbA9",
Galgadot,2021-06-20T17:10:51Z,1406660831509717e3,"××‘× , ×œ× ×™×›×•×œ×ª×™ ×œ×‘×§×© ×œ×¢×¦××™ ××‘× ×˜×•×‘ ×™×•×ª×¨ â¤.
Youâ€™re simply the best dad I could ever ask for
 !Happy Fatherâ€™s Day https://t.co/4dDT5T9stI",
Galgadot,2021-06-20T17:09:49Z,1406660572251398100,"My love for you grows bigger every day, seeing you inspire them, teaching them, challenging them, loving them, I know they will become the amazing women we dream they will be.Â Thank you for being the dad that you are, more to come...Â Â  #girldad #fathersday
@JaronVarsano",
Galgadot,2021-06-20T17:09:34Z,1406660507722043400,TheÂ unconditional support youÂ give them and the knowing they will never walk alone 'cause you always got their back are such a strong base to who they will grow up to be.,
Galgadot,2021-06-20T17:09:18Z,1406660442726994e3,"Babe, we won the the jackpot with you as the greatest dad in the world!
You give our girls the perfectÂ example of how a man shouldÂ behave and the love and patience you show them is endless. https://t.co/DyircY8jgq",
Galgadot,2021-06-18T17:30:41Z,1405941048355008500,My Lola â¤ https://t.co/RFKcpFK5I9,
Galgadot,2021-06-16T22:44:13Z,1405295173932773400,Impact ğŸ’ªğŸ» https://t.co/s5zHR4p8lg,
Galgadot,2021-06-15T16:15:35Z,1404834986348458e3,"Still working out, still loving it! âœŒï¸ğŸ’ª https://t.co/H1HX2REcn8",
Galgadot,2021-06-05T20:25:17Z,1401273944901103600,"And finally, thank you to all the production teams who were on the ground and our teams in post, our editors, our wonderful composer. Thank you for making each episode so powerful and emotional. 
Thank you ALL for making an IMPACT! 
@ryanpallotta
@JaronVarsano 
 @NatGeoTV",
Galgadot,2021-06-05T20:23:59Z,1401273618668081200,"Thank you to the entire NatGeo and EOne teams for all your hard work and dedication, thank you Tara Long and Eric Levin for being the amazing partners .",
Galgadot,2021-06-05T20:23:23Z,1401273466611982300,"Thank you Ryan for bringing this project to Jaron and I, and being an amazing partner throughout the whole process, thank u Vanessa Roth for breathing life and love into these moving stories.",
Galgadot,2021-06-05T20:22:19Z,1401273197245472800,"Thank you Kameryn, Kelsey, Arianna, Kayla, Chief Shirell and Tuany, for trusting us with your stories. You let us into your homes, your lives, your communities and your hearts, and showed us what it truly means to make an impact on the world. https://t.co/1nIqEjahts",
Galgadot,2021-06-05T20:18:20Z,1401272197772152800,"We started this journey over 3 years ago, searching for extraordinary women with extraordinary stories to tell.

Our amazing teams worked so hard during these troubled times to bring these incredible stories to life, to shed light on the people doing good and making a difference. https://t.co/b3uATifIqA",
Galgadot,2021-06-04T17:36:15Z,1400869016386912300,"Took some time off and spent it at my favorite place, the sound of the waves, the smell of the ocean, the sand in my toes, those always make me calmer, happier and ready for anything... https://t.co/tlgz9US9as",
Galgadot,2021-06-03T16:29:14Z,1400489766630703e3,"Not only was Kayla able to rise above those struggles, she also dedicated her life to helping others do the same. 
This is Kayla's Impact. 
#IMPACT #WomenofIMPACT
#ShareHerImpact 
@JaronVarsano 
@NatGeoTV",
Galgadot,2021-06-03T16:28:52Z,1400489673508728800,"The first time was finding a home in her own body, accepting her own identity and finding peace in her own skin. 
The second time was finding a home to feel safe in, to have a sanctuary, to build a life.",
Galgadot,2021-06-03T16:28:35Z,1400489599999303700,"Kayla is such an amazing force, in her life she has had to overcome so many struggles and make a home for herself in more ways than one.

https://t.co/dXLATSTy3g",
Galgadot,2021-06-02T23:23:59Z,1400231751977373700,"Wonder Woman came out 4 years ago and changed my life..Thank you all so much for the love, Iâ€™m forever grateful for this amazing opportunity and I promise we will always do everything to keep and tell Wonder Womanâ€™s story in the best way possible. 
Love and Peace!

#WonderWoman3 https://t.co/ULbIfgeO7I",
Galgadot,2021-05-31T17:04:36Z,1399411500943544300,"This entire project was born from my love and fascination with Tuany, please take the time to watch her episode and I know you will fall in love too.

#IMPACT #WomenofIMPACT
#ShareHerImpact 
@NatGeoTV",
Galgadot,2021-05-31T17:04:18Z,1399411425462919200,"She is more than a teacher, she is a compass, showing the girls the dreams they didn't think were possible and paving the path to fulfill them.
They plant the seeds together and  she gets to watch them grow, blossom and flourish on their own.",
Galgadot,2021-05-31T17:03:38Z,1399411260471627800,"Meet Tuany, the one who started it all.
Tuany's undeniable faith in her girls, her courage, determination and discipline - all incredible powerful tools she passes on to them - are a true inspiration.  

https://t.co/GEuHdV2qhk",
Galgadot,2021-05-30T15:56:45Z,1399032037055606800,"IMPACT's new episode ""Na Ponta dos Pesâ€ out tomorrow!
watch it on my platforms and share with me your thoughts

#IMPACT #WomenofIMPACT
#ShareHerImpact 
@NatGeoTV https://t.co/aWSLhcmAqz",
Galgadot,2021-05-28T21:47:28Z,1398395525808930800,"Watch Tuany's Impact, out this Monday.
#IMPACT #WomenofIMPACT 
#ShareHerImpact 
@JaronVarsano
@NatGeoTV",
Galgadot,2021-05-28T21:45:01Z,1398394908310921200,"Tuany, like the other women in our series are the people who start the ripple effect of goodness. They are the type of people who do it out of just pure passion and the goodness of their hearts, never expecting anything in return. And Iâ€™m inspired by them everyday .",
Jenna,2023-02-01T22:50:52Z,1620917626993250300,Thank you for having me! @adidas https://t.co/FQTZJErnEs,
Jenna,2023-01-14T19:07:32Z,1614338442917191700,Happy birthday you big baby https://t.co/DWSFoiOsjX,
Jenna,2023-01-06T23:44:28Z,1611509032094949400,Thanks to everyone who made this upcoming season possible. This has all been pretty surreal https://t.co/cIeJLr9qwh,
Jenna,2022-12-14T21:02:35Z,1603133373488058400,New Scream 6 teaser trailer. See you in March https://t.co/qdy2krXJ2v,
Jenna,2022-12-04T00:46:24Z,1599203433583587300,Thank you so much for having us Brasil. You guys are unbelievably sweet https://t.co/ls2r6e736Q,
Jenna,2022-11-29T23:09:27Z,1597729483456323600,"@defaultmads Stage blood actually washes out pretty easily. Most brands are just sugar-based now a days, just some simple soap and water is fine",
Jenna,2022-11-29T23:07:10Z,1597728907360231400,The bottom fake teeth were crazy! I just love this piece so much.,
Jenna,2022-11-29T23:05:31Z,1597728490824294400,Iâ€™m only putting one from the actual set because itâ€™s really not worth it. Canâ€™t see much through the corn syrup. Ti walked over to me with a bucket of blood and a hose with blood and told me to close my eyes https://t.co/1JKL70uC9L,
Jenna,2022-11-29T23:02:20Z,1597727691104718800,Forgot how big this prosthetic was. Hereâ€™s some clean https://t.co/dOVA4tpdqC https://t.co/U7pjHSP2Sc,
Jenna,2022-11-29T22:50:49Z,1597724793880875e3,@varietyscalp @harlivqs https://t.co/wotDEgIU3K,
Jenna,2022-11-29T22:49:22Z,1597724429651705900,@skatasgf Mmm how gory are we thinking,
Jenna,2022-11-29T22:41:51Z,1597722535537234e3,@harlivqs Beautiful boy https://t.co/pFPbqqw0cX,
Jenna,2022-11-29T22:40:46Z,1597722261825671200,@barbiefitting https://t.co/7J3yh9PtsZ,
Jenna,2022-11-29T22:37:00Z,1597721314588229600,We were taking photos before we wrapped for the holidays. They told us to have more energy https://t.co/QXagPfNxG2 https://t.co/6VBovymNu3,
Jenna,2022-11-29T22:34:58Z,1597720805873684500,https://t.co/NiDg7JmU2W https://t.co/bsmmTEFq4T,
Jenna,2022-11-29T22:34:12Z,1597720612877013e3,"@lourdscoven @Iivrodrgos Evil question, I canâ€™t give an actual answer. Was listening to Cherish the Day by Sade earlier  though and it felt good",
Jenna,2022-11-29T22:30:21Z,1597719641019027500,@Iivrodrgos https://t.co/p1WUNlgcVc,
Jenna,2022-11-29T22:28:49Z,1597719257646657500,"@enidsncIairs Donâ€™t have one with for some reason, but I took this a week or two ago https://t.co/Yn7pklw4m1",
Jenna,2022-11-29T22:26:42Z,1597718723556540400,"Wednesday test braids, they almost made it. https://t.co/kO6kvD62Q9 https://t.co/fAfcFp5YaE",
Jenna,2022-11-29T22:25:28Z,1597718414113796e3,@odetocabellos Itâ€™s too easy,
Jenna,2022-11-29T22:24:43Z,1597718223385817e3,"@defaultmads Everyone is sending me bts pictures now itâ€™s hilarious! Iâ€™ve got such a sweet cast though because I was just bored a minute ago, itâ€™s all jokes",
Jenna,2022-11-29T22:20:27Z,1597717151993204700,@miavause I know!,
Jenna,2022-11-29T22:20:09Z,1597717077154234400,@smplyortega See you get it,
Jenna,2022-11-29T22:14:53Z,1597715748939391e3,https://t.co/j8WvnqBugP https://t.co/yGjzlqulTe,
Jenna,2022-11-29T02:22:06Z,1597415577529684e3,Thank you for having me on the podcast. I really enjoyed the conversation https://t.co/PAZ9SuJEvt,
Jenna,2022-11-27T23:12:38Z,1597005507054555100,:â€™) when you guys watch Wednesday and ENTERGALACTIC on Netflixâ€¦ then what?? You are the coolest ever. THE Scott! https://t.co/8BIYhDkglN,
Jenna,2022-11-25T19:53:25Z,1596230597780770800,"Thanks to Siouxsie Sioux, Bob Fosseâ€™s Rich Manâ€™s Frug, Lisa Loring, Lene Lovich, Denis Lavant, and archival footage of goths dancing in clubs in the 80â€™s. Helped me out on this one. https://t.co/zlxlv1JUW4",
Jenna,2022-11-24T22:36:46Z,1595909319463084e3,Eat your turkey and maybe watch the show. Please donâ€™t let this outfit be for nothing. https://t.co/N2mzOvbdqt,
Jenna,2022-11-24T07:01:22Z,1595673916533780500,"Wednesday is out. Thank you to everyone involved/everyone who was supportive throughout the process. I hope the show is an easy, entertaining watch if youâ€™re up for it. Enjoy the holiday. If you do watch, argue with people about it. You all are going to be arguing tomorrow anyway",
Jenna,2022-11-21T05:22:41Z,1594561917477179400,"@JAMS3II Yes! Thank you so much, seriously. I could barely see Greenwood until you asked the tall guys to move. Made my night. Hope you and your friend enjoyed the show",
Jenna,2022-11-16T02:46:56Z,1592710782550433800,Big thank you to @CriticsChoice for the honor and for having me. X https://t.co/3Q1HxWgNV9,
Jenna,2022-11-15T21:32:40Z,1592631697086255e3,STOP THE EXECUTION OF IRANIAN PROTESTORS https://t.co/EbnpTNa4Ko,
Jenna,2022-11-15T21:17:03Z,1592627765626667e3,"It is incredibly difficult for me to fathom something so vicious. This is why now more than ever international  community needs to intervene. What are we waiting for? 
The protestors in Iran are so much braver than us. Iâ€™m so sorry this is happening. https://t.co/3OxA1Z8EXB",
Jenna,2022-11-01T15:32:30Z,158746762568405e4,I canâ€™t remember a thing https://t.co/V70ZLJNXWI,
Jenna,2022-10-20T17:21:33Z,1583146416242761700,"I had a really wonderful chat with Christina Ricci for @InterviewMag 
https://t.co/kZEnaGE5yM https://t.co/oxQBclJtAU",
Jenna,2022-10-11T01:27:58Z,1579644948680691700,"This is an incredible piece on the current revolution happening in Iran. I encourage everyone to read, spread, and to support Iranâ€™s youth during this transformative time. https://t.co/GIlqIaSqc0",
Jenna,2022-10-10T13:47:31Z,1.5794686752704799e+18,"Iâ€™m just reading up on this, so frustrating it doesnâ€™t seem to be getting much coverage here.
I stand with the tenacious women of Iran while they protest patriarchal control over their bodies. 
I am in such awe of your bravery and  fortitude. Wishing you strength &amp; success always https://t.co/4jHEqQkHbY",
Jenna,2022-07-29T01:03:12Z,1552822011088584700,"Sheâ€™s a star! I love being a part of this family. It looks insane, canâ€™t wait to watch https://t.co/FdGCzyxPSC",
Jenna,2022-06-24T20:07:11Z,1540426330382139400,https://t.co/UxQwJFZCSe,
Jenna,2022-06-08T21:30:08Z,1534648998325366800,Thank you very much Danny https://t.co/vVd1QGegej,
Jenna,2022-06-06T16:48:50Z,1533853433655988200,https://t.co/zp2MCkXAJR,
Jenna,2022-06-06T16:23:58Z,1533847176278790100,Thank you for last night @MTV https://t.co/8Y38eQu61C,
Jenna,2022-05-25T18:36:36Z,1529531899768627200,This. https://t.co/nL8bUlpKkF,
Jenna,2022-05-03T19:09:36Z,1521567668507230200,My very first MET x https://t.co/HDp672zinK,
Jenna,2022-05-03T19:09:01Z,1521567521320706e3,"What an honor. Iâ€™m a very lucky girl, thank you very much for last night @MaisonValentino https://t.co/UUaSNP05Hn",
Jenna,2022-03-20T04:13:03Z,1505396977487462400,Please listen to this playlist because it is so good. https://t.co/5dtTkbU00q,
Jenna,2022-03-20T04:08:49Z,1505395914713800700,The way I miss this and love them. Hope you all are enjoying the film https://t.co/2PThcDSCHy,
Jenna,2022-03-19T03:06:58Z,1505017963086233600,"I feel very lucky to have been able to be a part of this one. X, Now playing! https://t.co/IEf6bSN9Ug",
Jenna,2022-03-13T23:27:28Z,1503150782132232200,"I wish I could be there tonight. To those watching, enjoy the picture! https://t.co/Mwp1Cdcqeg",
Jenna,2022-03-06T17:25:48Z,1500523052412645400,"Palestine Childrenâ€™s Relief Fund.

https://t.co/S3X4rziQlT",
Jenna,2022-03-06T17:23:53Z,1500522568780062700,@Larixx17432382 Thank you,
Jenna,2022-03-06T17:18:22Z,1500521182046703600,@Robsten1026 Thank you,
Jenna,2022-03-06T17:18:13Z,1500521144390238200,"Help children in Iraq

https://t.co/mx7LviCS83",
Jenna,2022-03-06T17:17:45Z,1500521025527820300,@jaehyunsour Thank you,
Jenna,2022-03-06T17:15:43Z,1500520513898172400,"Link to donate towards Syriaâ€™s educational, medical, and shelter funds. 

https://t.co/iqP8k8xsOs",
Jenna,2022-03-06T17:14:30Z,1500520207915577300,@slexiephobic Thank you,
Jenna,2022-03-06T17:14:08Z,1500520115107991600,@editsdxies @favsmelio Thank you very much,
Jenna,2022-03-06T17:13:39Z,1500519993980686300,"Decolonize Palestine. 

https://t.co/MlI5Gpr2QN",
Jenna,2022-03-06T17:11:27Z,1500519440584216600,"93% of children in Yemen are suffering and need assistance due to the violence that continues to devastate the country. SAVE THE CHILDREN link.

https://t.co/Q9gvXrqJqv",
Jenna,2022-03-06T17:09:27Z,1500518937271976e3,"Assisting Ukrainian refugees in Poland, Moldova, Hungary, Romania, and Slovakia.

https://t.co/m0qc7LiCvy",
Jenna,2022-03-06T17:08:35Z,1500518717448458200,"A Ukraine-based nonprofit that helps evacuees.

https://t.co/w4xYkajxTz",
Jenna,2022-03-06T17:08:02Z,1500518580487610400,"Ukrainian organization that has been offering psychosocial support to children affected by the tension in Ukraine since 2015.

https://t.co/eQrwDMwAmA",
Jenna,2022-03-06T17:07:38Z,1500518479069339600,"We must never give up on the people of Ukraine, Yemen, Palestine, Kashmir, Iraq, Syriaâ€¦ the list goes on unfortunately. For anyone who is willing &amp; wanting to contribute any way they can, I want to form a thread with information. Does anyone have resources/links they could add?",
Jenna,2022-03-06T17:00:55Z,1500516790014812200,"Hundreds of thousands of people across Ukraine have been forced to flee their homes. Families have been separated, homes destroyed and lives are in danger. #UkraineAppeal Donate to @decappeal now

 https://t.co/6I3uyoEtZx",
Jenna,2022-02-25T18:41:51Z,1497280697668677600,The Judge Ketanji Brown Jackson news made my day â¤ï¸!!,
Jenna,2022-02-16T19:55:38Z,1494037778220429300,Thank you for the conversation @empiremagazine https://t.co/jubGKI4vyE,
Jenna,2022-02-15T20:33:15Z,1493684855476998100,Pretty cool poster by @FANGORIA https://t.co/hnxU8es6U6,
Jenna,2022-02-05T08:26:08Z,1489877992381821e3,"Thank you to everyone who has watched The Fallout and Scream! 

(If you havenâ€™t seen and youâ€™d like to, Scream is in theatres everywhere, The Fallout is available on HBOMax) https://t.co/JbZFqu1Ibi",
Jenna,2022-02-01T20:38:12Z,1488612672417542100,@orcatega Only spoilers. Maybe in due time,
Jenna,2022-02-01T20:35:12Z,1488611915542810600,@horrorlesbos @ItsZayneFML https://t.co/g7a5OFW955,
Jenna,2022-02-01T20:33:12Z,1488611413681754e3,@bnviento Cello practice for Wednesday https://t.co/RTksviNccT,
Jenna,2022-02-01T20:29:05Z,1488610378053566500,@ItsZayneFML Also did not even make it into the film!,
Jenna,2022-02-01T20:28:47Z,1488610299943047200,@ItsZayneFML I did not mean to post that video it was such an old draft!,
Jenna,2022-01-27T23:25:04Z,1486842724779188200,Thank you @InStyle https://t.co/H896bdT08e,
Jenna,2022-01-27T23:19:07Z,1486841226712256500,"THE FALLOUT is now streaming on @hbomax. 

Thank you to writer/director Megan Park, the wonderful cast and crew who handled this film with care, and for all those who decide to watch. Special thanks to Vada. https://t.co/NjVVwLB1Vs",
Jenna,2022-01-26T19:01:27Z,1486413993954746400,Big thank you to @THR. https://t.co/uEwUSRam4d,
Jenna,2022-01-26T18:32:54Z,1486406811951546400,The Fallout begins exclusively streaming on @hbomax tomorrow.,
Jenna,2022-01-20T07:39:51Z,1484068139679817700,@KidCudi :â€™),
Jenna,2022-01-17T08:41:51Z,1482996578461929500,@KyleGallner Incredible photos,
Jenna,2022-01-17T07:32:40Z,1482979165808722e3,"Iâ€™ve been working and unable to visit the theaters,but for everyone who has made their way over to watch our little movie #SCREAM,it means so much to everyone involved. Iâ€™ll be selfish and say especially me. If you havenâ€™t,consider checking it out! We hope to show you a fun time!",
Jenna,2022-01-14T07:56:42Z,1481898049748222e3,@CassiMarieG Not a toothbrush in sight,
Jenna,2022-01-13T06:11:32Z,1481509196306817e3,"!!!! I have so much respect and admiration for you, this means a lot. Thank you so much! SCREAM tomorrow! https://t.co/13SaaOxrIt",
Jenna,2022-01-13T06:09:33Z,1481508697700540400,Youâ€™re the coolest. Thanks for the conversation https://t.co/wNMfXF3wwO,
Jenna,2022-01-13T06:04:28Z,1481507418865557500,"I really enjoyed this conversation with @moviemakermag. Thanks for speaking with me! 

https://t.co/GyKPDE0scY",
Jenna,2022-01-12T14:30:21Z,1481272343192346600,Thank you for the feature! https://t.co/iChLQh5laD,
Jenna,2022-01-11T20:37:02Z,1481002230299992e3,Thanks for having me back @DrewBarrymoreTV. I really feel like Ghostface and I have turned a new leaf https://t.co/JHBBzN3rWz,
Jenna,2022-01-11T20:19:02Z,1480997703450566700,STUDIO 666 trailer!!!! I was so excited to get the chance to participate in this one. In theatres February 25th! @foofighters https://t.co/zf6MlxyLdN,
Jenna,2022-01-07T23:52:17Z,1479601815561937e3,@getoutmyhead0 I just wrote it down in my notes though so it will be next book purchase I promise,
Jenna,2022-01-07T23:51:54Z,1479601722469322800,@getoutmyhead0 No I am such a liar,
Jenna,2022-01-07T23:51:36Z,1479601646443368400,@JENNAMYHAPPlNES Next morning too https://t.co/xohDjcL0xa,
Jenna,2022-01-07T23:40:37Z,1479598882090897400,"If on a Winterâ€™s Night a Traveller, by Ãtalo Calvino. Recommended by a friend https://t.co/WaKTobGIIc",
Jenna,2022-01-07T23:29:44Z,1479596141398433800,"MESCUDIIII!!!!!! :) 
How you are so great Iâ€™ll never understand!!! https://t.co/AAfXo6wvhg",
Jenna,2022-01-07T23:20:54Z,1479593918585098200,This is so sweet!! Thank you so much!! https://t.co/qHHMxyP1A2,
Jenna,2022-01-07T23:19:13Z,1479593493597196300,"I was!! I just didnâ€™t get to be in LA with the rest of the cast, which sucked. But I zoomed in!! https://t.co/4oFcKTkKEo",
Jenna,2022-01-07T23:18:19Z,1479593268555960300,JANUARY 27th EXCLUSIVELY ON @hbomax https://t.co/NM36ngQQmf,
Jenna,2022-01-07T23:12:26Z,1479591790122619e3,@YoKyce Tough,
Jenna,2022-01-07T23:11:36Z,1479591579669221400,Eastern Europe https://t.co/eRnjZaXWCD,
Jenna,2022-01-07T22:43:44Z,1479584564033036300,"SCREAM is a week away so hereâ€™s a random photo of Brett, Mikey, Jasmin, Sonia, Matt and I in an elevator after a game night in Wilmington last November. Iâ€™m wearing a towel Matt and I fought over and stole from the set. I still have it. Really excited for this one #SCREAM https://t.co/meHaAbjbM7",
Jenna,2022-01-01T22:47:10Z,1477411101436305400,This puffer is so warm I am never taking it off @AEO!!  #aepartner https://t.co/Qgjg5T0aL7,
Jenna,2021-12-21T22:42:13Z,1473423591769215e3,The way I didnâ€™t respond to the email for this quick enough https://t.co/X8qYGCQtPq,
Jenna,2021-12-13T18:38:10Z,1470463070833098800,"We are one month away, folks! https://t.co/5gWSK0RwAe",
Jenna,2021-12-03T18:39:22Z,1466839493873442800,This thread https://t.co/50gznp5H0r,
Jenna,2021-10-12T16:50:57Z,1447968040256262100,Official trailer #SCREAM https://t.co/8JVKRNd89j,
Jenna,2021-07-28T19:04:18Z,1420460122459934700,So nice speaking with you @NylonMag https://t.co/MrwiXcPMe4,
Jenna,2021-07-28T15:50:13Z,1420411279231963100,Had so much fun working with this crew for the new @AEO Back-to-School campaign! Join us on Clubhouse tonight at 7pm ET for an exclusive behind-the-scenes look! #aepartner #aejeans https://t.co/nH5Dl8F5TJ,
Jenna,2021-05-19T16:01:26Z,1395046950391533600,*snaps twice* https://t.co/SCI8blOiOv,
Jenna,2021-05-19T07:18:21Z,1394915314144465e3,"Young Palestinian writer and poet Mohammed El-Kurd is incredible in this interview. Powerful, accurate, and straight to the point. Watch both parts https://t.co/X3rchOZ3Gg",
Jenna,2021-03-23T02:19:13Z,1374183924662902800,"My heart hurts for those affected by the shooting in Colorado. The normalization of such a horrific act of terrorism is terrifying &amp; upsetting. When will people in positions of power do something? This is preventable, yet our youth continues to prepare and no one seems to mind https://t.co/VJm5FZ2RHI",
Jenna,2021-03-20T03:27:52Z,1373114036741574700,"!!! Thanks to everyone who helped get this film made! And congratulations to our incredible director Megan Park, who won the Brightcove Award for best director on the rise. So well deserved. Special thanks to @sxsw, itâ€™s quite the honor https://t.co/P73gAnjUXt",
Jenna,2021-03-16T02:58:29Z,1371657093741080600,The depth of the imprint her ring left on my hand.... https://t.co/hN0rjsExhh,
Jenna,2021-03-13T17:20:37Z,1370786889335066600,I had a nice time speaking with Steven from Collider. Thanks Steven from Collider https://t.co/U0LqasQCTc,
Jenna,2021-02-11T00:19:46Z,1359658349537595400,Have you heard about YES DAY? I canâ€™t wait for you all to watch the film on @netflix March 12. Join the fun and have a Yes Day of your own! I wanna see your Yes Day activities so share how youâ€™re celebrating using #YESDAYChallenge on March 12 https://t.co/E36OyDc8lU,
Jenna,2021-02-06T06:09:28Z,1357934413879730200,I cannot keep a jar of crunchy peanut butter/almond butter at my place because I will eat the entire thing in two days,
Jenna,2021-01-20T02:13:16Z,1351714379767582700,Canâ€™t wait for today to be over https://t.co/sDv1xr82M0,
Jenna,2021-01-12T01:20:57Z,1348802110905749500,@nat6297 Thank you!,
Jenna,2021-01-08T04:05:07Z,1347393873912348700,@jennaortega112 Yayy!! Thanks! I love you,
Jenna,2021-01-08T04:04:53Z,1347393815422750700,@mutoomba Youâ€™re sweet,
Jenna,2021-01-08T04:04:27Z,1347393706136014800,!!!!!!!!!!!!! ! !! ! https://t.co/2HNlmI9Xtg,
Jenna,2021-01-08T03:46:11Z,1347389108558078e3,@BenSANCHY1 Thank you for being so kind about this. Very thankful for you,
Jenna,2021-01-06T23:18:15Z,1346959293828845600,What went down today at the capitol makes me sick to my stomach,
Jenna,2021-01-05T20:21:27Z,1346552411989581800,@HugoRamos226 Crazy to see. Thank you so much for supporting it!,
Jenna,2021-01-04T03:43:07Z,1345938784060227600,@ziyerily Watch it for yourself,
Jenna,2021-01-04T03:36:51Z,1345937210466562e3,@dogfather You see because you have taste,
Jenna,2021-01-04T03:34:53Z,1345936711990169600,@rinasawqyama Tell them sis,
Jenna,2021-01-04T03:33:51Z,1345936454782832600,@naiculture ITS THE BEST ONE,
Jenna,2020-11-18T21:10:17Z,1329170084716183600,"SCREAM! Truly the most special experience Iâ€™ve ever had on a set. I cannot wait for everyone to see what weâ€™ve been working on these past few months, still in disbelief I got to be apart of something so incredible. https://t.co/6xDApWsUSY",
Chris,2023-02-02T21:00:36Z,1621252266480074800,Kids Choice Awards nominations! My kids definitely wonâ€™t vote for me because theyâ€™re voting for the @therock but maybe his kids could vote for me and we call it even? @Nickelodeon https://t.co/pRHMn1v3Ot,
Chris,2023-01-30T20:56:19Z,1620164026306281500,Someone call Redbull! Iâ€™m pretty sure I just broke the record for highest cliff dive. https://t.co/pJcrRisGlF https://t.co/i1sSuIGstX,
Chris,2023-01-30T16:31:08Z,1620097289212813300,LFG! https://t.co/joGS4Ib6Ld,
Chris,2023-01-30T16:30:38Z,1620097162288955400,Make sure to tell Zeus Iâ€™m sorry for the whole lightning in the chest thingâ€¦ https://t.co/uSb97Ws8xF,
Chris,2023-01-27T21:25:55Z,1619084312569344e3,https://t.co/wnAtozhsvD,
Chris,2023-01-27T21:25:54Z,1619084305128366e3,https://t.co/REwPB1Aww4,
Chris,2023-01-27T21:25:52Z,1619084298111561700,"Not too bad for turning 85 in the blink of an eye!

#Limitlesswithchrishemsworth is now streaming on @DisneyPlus https://t.co/p5bWFvfSrs",
Chris,2023-01-24T16:28:15Z,1617922236933079e3,ğŸ’ªğŸ’ª https://t.co/Tx1UC2ZKsu,
Chris,2023-01-24T16:27:34Z,1617922066002641e3,Me https://t.co/ain3p4IJUk,
Chris,2023-01-24T16:27:13Z,1617921976454238200,"Hyped that youâ€™re hyped, @ViceApologist https://t.co/oHUKodT93M",
Chris,2023-01-23T14:45:20Z,161753394725641e4,"Nothing better than some sprint training to start your week @CentrFit 

â¡ï¸ https://t.co/d2SYM0NdyM https://t.co/PEH1Zx8J5L",
Chris,2023-01-21T18:25:56Z,1616864691413729300,One of the most memorable trips to Kenya my family and I have ever had. Thank you to Africa Born for taking care of us! https://t.co/DhdRLpUb5P,
Chris,2023-01-18T21:29:32Z,161582372852437e4,PUMPED that Extraction 2 is coming to @Netflix in 2023! #NetflixSavetheDates https://t.co/BY2V38zW9s,
Chris,2023-01-13T22:27:07Z,161402628112486e4,Thank you for letting me share that moment with you all! https://t.co/ltU6n5snnO,
Chris,2023-01-13T22:26:21Z,1614026089327624200,@MacNomadic @CentrFit Awesome job! Mindfulness is one of the most important parts of @Centrfit and so glad that itâ€™s helping you achieve your goals.,
Chris,2023-01-13T22:25:49Z,1614025957031153700,Looking good ZOC! @CentrFit https://t.co/osnqVYK3jH,
Chris,2023-01-09T22:27:29Z,1612576824932044800,Extraction 2 coming at you this summer. Letâ€™s go!!! https://t.co/TL5EEZWt4I,
Chris,2023-01-05T21:46:12Z,1611116883184427e3,"Donâ€™t let distractions get in the way of your goalsâ€¦ no matter how hard they try to swim in front of you ğŸ˜‚

Iâ€™ve completed 200 minutes so far with @CentrFit for Moves That Matter ğŸ’ªğŸ» https://t.co/qhtXbqEok9",
Chris,2023-01-02T16:20:43Z,1609947807649075200,"To kickstart the mission, I've pledged 1200 active minutes in January!

Now it's your turn. Make your pledge and letâ€™s go!!",
Chris,2023-01-02T16:20:42Z,1609947805589856300,"Throughout 2023 weâ€™ll be turning every minute you spend training, cooking and meditating with @CentrFit into support for the next generation.

https://t.co/TIxXPxuwjz",
Chris,2023-01-02T16:20:42Z,1609947801898590200,"Today my team @centrfit is launching Moves That Matter, supporting the great work our partners @goodsportsinc do to help the next generation. https://t.co/p0qgQDly8q",
Chris,2022-12-29T21:30:54Z,1608576316118536200,"I promise I wasnâ€™t flexingâ€¦ but I was stressing. Ok ok and flexing. 

Check out #LimitlessWithChrisHemsworth now streaming on @DisneyPlus https://t.co/F1UNQFIaVH",
Chris,2022-12-21T17:44:36Z,1605620263483121700,"1 year ago, I took 52 shots to the back of the head for the perfect shot. Love being a dad! https://t.co/Su6SUceuol",
Chris,2022-12-19T20:35:25Z,1.6049384753414881e+18,Fitness should be easy and accessible for everyone. Thatâ€™s why my team @Centrfit and I created this Fitness Essentials Kit. Any workout from beginner to advanced can be done and it comes with 3 months free to Centr. Letâ€™s get fit and healthy this new year! Available now @Walmart https://t.co/V5s8jsMfR7,
Chris,2022-12-14T21:18:46Z,1603137443460518e3,"How far would you go to live a longer, healthier life? See how far I went on #LimitlesswithChrisHemsworth, episodes 1-3 are now streaming on @Hulu until 12/26, and coming to @NatGeo Dec 18. Check it out now! https://t.co/v3vmDJEahU",
Chris,2022-12-09T20:36:02Z,1601314750071132200,Last year we tried this but with me on Elsaâ€™s shouldersâ€¦ nor the tree or Elsaâ€™s knees made it. After 12 months of preparation we finally figured it out. A star is born!! https://t.co/qUr1KHOHGn,
Chris,2022-12-08T23:36:44Z,1600997837415686100,"You all continue to inspire me and I share this with you. And to be honest, I'm still having trouble trying to comprehend being associated with this incredible group of absolute Movie Star nominees",
Chris,2022-12-08T23:36:43Z,1600997833758625800,Absolute thrill to be recognized by the People's Choice Awards and win male movie star of 2022. Thank you to all my fans that voted. And to all the hardworking casts and crews Iâ€™ve been fortunate enough to work with thank you! 1/2 https://t.co/0BxGOBw3a2,
Chris,2022-12-05T16:47:48Z,1599807765488099300,The only thing hotter than the fire is the walk away from it #LimitlessWithChrisHemsworth https://t.co/nPLZcYdeBN,
Chris,2022-12-01T21:18:51Z,1598426424586674200,The strength episode with @RossEdgley was a wild one. Iâ€™d never climbed a rope before &amp; definitely had never been dangled out of a cable car 1000 feet off the ground. Why not combine them both?ğŸ¤”ğŸ˜‚ğŸ¤¦â€â™‚ï¸ All in the name of science &amp; longevity! Check out Limitless now on @disneyplus https://t.co/j8KAehuRNO,
Chris,2022-11-30T15:04:14Z,1597969760058474500,"For a long time Iâ€™ve been asked what functional gym equipment Iâ€™d recommend. @Centrfitâ€™s essentials kit is the perfect one for home and travel. It allows me to get a variety of workouts in wherever I am! Available now at @Walmart 

â¡ï¸ https://t.co/ukCIzKtGLk https://t.co/A0VmpaYQ4B",
Chris,2022-11-29T17:23:30Z,1597642420832780300,"Surf went flat, no problem, the boys found some palm tree barrels and spent the day getting shacked https://t.co/2dbwiVgQFE",
Chris,2022-11-23T21:36:31Z,1595531765833162800,I took the plunge with this #LimitlesswithCentr challenge. Nothing quite like a relaxing bath filled with ice! Check out more with @CentrFit https://t.co/maIGkjC0PR,
Chris,2022-11-23T00:38:12Z,1595215100952170500,"Last week was one for the books! Thankful for everyoneâ€™s support of #LimitlesswithChrisHemsworth! This series from @natgeotv has been a long time in the making &amp; it was so fun to share it with so many of you. If you havenâ€™t had a chance to check it out, itâ€™s now on @DisneyPlus. https://t.co/t59NHk8rWw",
Chris,2022-11-20T22:53:58Z,1594464093427073e3,Try @CentrFit free for 6 weeks and join me on the #LimitlessWithChrisHemsworth Challenge https://t.co/PTnOyT6kQW https://t.co/bKVr4MAi2u,
Chris,2022-11-17T14:02:08Z,1593243092249120800,Epic night of celebration at the LIMITLESS premiere! Three years in the making and so grateful for all of the amazing people who helped make the show happen. Hope you get a chance to see it! Streaming now on @DisneyPlus https://t.co/y05j9e6NT6,
Chris,2022-11-16T15:24:24Z,1592901405383471e3,"Are you ready??! Iâ€™ve been waiting to show you all #LimitlessWithChrisHemsworth, an Original series from @Natgeo and itâ€™s NOW STREAMING on @DisneyPlus https://t.co/9gevoqgJwQ",
Chris,2022-11-15T16:21:10Z,1592553305351532500,"Love catching up with @JimmyKimmel talking everything from my new show Limitless, to the worlds sexiest man @ChrisEvans, to the strange and wonderful junk on Craigslist! Thanks for having me! https://t.co/Fgr9ZMYMsd",
Chris,2022-11-13T23:34:48Z,1591937655499292700,"#LimitlessWithChrisHemsworth, a @natgeo original series, premieres Nov 16 on @disneyplus &amp; I want to invite you to the #LimitlesswithCentr challenge. 2 weeks of workouts, meditations, &amp; expert advice to help you live a longer &amp; healthier life. Join me!

â¡ï¸ https://t.co/MAi9ADyuwO https://t.co/5GoQpHqnlC",
Chris,2022-11-12T19:41:25Z,159151653622084e4,Just finished up some reshoots for #Extraction2 in Prague! The fans welcomed me back with open arms https://t.co/seuq4h3ZYq,
Chris,2022-11-12T03:04:03Z,1591265537719292e3,Some rare never before seen footage of my transformation workout for Thor. Itâ€™s a unique blend of several martial art disciplines and moves inspired by all the great 80s action heroes. https://t.co/jhm0AHGMQI,
Chris,2022-11-10T20:09:28Z,1590798818911871e3,"Quick and delicious.. the @CentrFit team does it again with this Rueben sandwich. Perfect for grab and go lunches and a weekend snack. Check out all the delicious meals and workouts with my team!

â¡ï¸ https://t.co/jmslr1AVmW https://t.co/qebkiwv6ND",
Chris,2022-11-09T21:03:13Z,1590449958934966300,"Last chance to vote for @peopleschoice awards.

Movie of 2022 
Male Movie Star of 2022
Action Movie of 2022
Action Movie Star of 2022

Vote â¡ï¸ https://t.co/KcRl20nlBx https://t.co/S9rOQxqlbn",
Chris,2022-11-08T18:27:43Z,1590048435641933800,"Don't worry Liam's been a loyal @CentrFit member for years and is hitting the books hard on this one. Congrats again on the role, @LiamHemsworth https://t.co/7lWXaVKR9R",
Chris,2022-11-08T18:26:49Z,1590048209506041900,13/10 good dog https://t.co/qVEK7IkQVF,
Chris,2022-11-08T18:25:12Z,1590047803619053600,@BulletThiago @CentrFit This is incredible mate! Keep up the good work and push yourself to the limit.,
Chris,2022-11-08T18:23:59Z,1590047496700833800,If you think Iâ€™m winning a battle against @ElsaPataky_ ... https://t.co/LSQ3bGDymG,
Chris,2022-11-07T14:00:13Z,1589618731566628900,The wait is almost over for #LimitlesswithChrisHemsworth! â¤ï¸ this Tweet and @DisneyPlus will remind you to stream on premiere day. https://t.co/yTj9rfpUQG,
Chris,2022-10-28T19:40:32Z,1586080496429187e3,"Obrigado @nefercatt!! Continue assim! Devemos salvar a AmazÃ´nia para o Brasil, para as nossas crianÃ§as e o nosso planeta. Hora de fazer o que for preciso para IR VOTAR. #NemTodoHerÃ³iUsaCapa https://t.co/kKDoLMOsEe",
Chris,2022-10-28T18:41:15Z,1586065576736313300,"Ã“timo trabalho, @ChrisHBrasil. A saÃºde do nosso planeta estÃ¡ em suas mÃ£os. O mundo inteiro precisa de herÃ³is brasileiros no domingo. Continue compartilhando suas histÃ³rias de votaÃ§Ã£o #NemTodoHerÃ³iUsaCapa e nÃ£o recue! https://t.co/CD2GIOKQUw",
Chris,2022-10-28T17:45:14Z,1586051477461618700,"Lindo trabalho @lutravassos_! Por favor, saiba que quando vocÃª e os seus amigos escolhem enfrentar seus problemas, e nÃ£o fugir deles, o mundo todo estÃ¡ com vocÃªs. A cada brasileiro que vocÃªs convencem a votar, o mundo estÃ¡ torcendo por vocÃªs. #NemTodoHerÃ³iUsaCapa https://t.co/TdrmqUDGZe",
Chris,2022-10-28T16:40:01Z,1586035064390951e3,"Estamos com vocÃª nesta missÃ£o. @Juliette! Vingadores brasileiros, neste domingo todos vocÃªs sÃ£o dignos de exercer seu voto, algo mais poderoso do que qualquer martelo. #NemTodoHerÃ³iUsaCapa (Mas alguns sim.) https://t.co/Y0YYr5znc1",
Chris,2022-10-27T14:08:29Z,1585634545591668700,@VancityReynolds @TheRock,
Chris,2022-10-27T14:08:28Z,1585634539346399200,"Super thankful for the @peopleschoice nominations. Both to myself and Thor: Love and Thunder.

Vote here: https://t.co/utmJ8KFaSn https://t.co/ndoZVSVtBe",
Chris,2022-10-26T19:03:03Z,1585346286177652700,"On Friday Nov 18, show me who you love and wear your favorite Aussie Artist t shirt and donate to @SupportAct. Letâ€™s all get behind this great cause for the Australian Music Industry!! Show your support and wear it!! #ausmusictshirtday
@teskeybrothers @MushroomGroup https://t.co/qreu7AGuUD",
Chris,2022-10-19T14:04:06Z,1582734338474397700,"Running the marathon of life since 1983. #LimitlesswithChrisHemsworth, a #DisneyPlus Original series from @NatGeo starts streaming November 16 only on @DisneyPlus. https://t.co/ytoUtWJKKL",
Chris,2022-10-18T20:17:27Z,1582465905530876e3,"@freefalling1992 @CentrFit Thank you @freefalling1992. Yes, our goal at @centrfit is to transform your health, fitness, and mindset. Some of my favourite programs are the meditations and sleep visualizations.",
Chris,2022-10-18T20:16:47Z,1582465737515729e3,@maricrislapaix Lets gooooooo @maricrislapaix @centrfit!,
Chris,2022-10-18T20:16:12Z,1582465593130688500,"@Crystal21143006 @CentrFit Proud of your commitment, Crystal!",
Chris,2022-10-18T20:15:51Z,1582465504157241300,@millet_kathy @CentrFit Start with anything you can! Youâ€™ve got this! ğŸ’ª,
Chris,2022-10-18T20:14:31Z,1582465169598611500,"@Seitzy1 Thatâ€™s so weird, yesterday I went to lunch, and the host told me I looked like @seitzy1",
Chris,2022-10-16T22:53:31Z,1581780407367762e3,"Great to sit down with @MensJournal and talk everything from health, death, movies and Pink Floyd. I think we covered everything https://t.co/3OZ7PZDTm6",
Chris,2022-10-13T19:44:17Z,1580645619601133600,Kids wanted to go on a boat trip. This is the best we could do. They might have been slightly disappointed. https://t.co/mR0ILLc8FL,
Chris,2022-10-11T20:14:35Z,1579928469450166300,Thanks @Dr_Palamarchuk! Health is just as much about the mind as it is with the body @CentrFit https://t.co/Pt15KkMM0B,
Chris,2022-10-11T20:13:51Z,1579928286670786600,@I_SinkSo @ChrisEvans @MarkRuffalo @RobertDowneyJr It definitely is! Come try us out @CentrFit,
Chris,2022-10-11T20:13:26Z,1579928181645381600,"@Subhash08432827 @DisneyPlus @NatGeo Iâ€™m one step ahead of you, Subhash",
Chris,2022-10-11T20:12:58Z,1579928061063360500,36 days to go! #LimitlessWithChrisHemsworth https://t.co/xzSz2T0BKp,
Chris,2022-10-11T20:11:56Z,1579927801586946e3,@TurtleBushPSN Waitâ€¦WHAT?,
Chris,2022-10-11T20:11:40Z,1579927734905868300,"@MSTH0R Itâ€™s a sensitive subject, Abs.",
Chris,2022-10-10T20:33:55Z,1579570948214513700,"Dumbbell Static Lunge X 10 Reps 
Dumbbell Floor Tricep Extensions X 10 Reps
Bear Crawl X 30 Seconds
Rest 30 Seconds (My favourite part, again)
@CentrFit",
Chris,2022-10-10T20:33:55Z,1579570946310312e3,"Push-Ups X 20 Reps
Dumbbell Pronated Grip Bent-Over Row X 10 Reps
Sit Thru X 20 Reps
Rest 30 Seconds (My favourite part)
Dumbbell Floor Chest Fly X 20 Reps
Dumbbell Renegade Row X 10 Reps
Mountain Climbers X 20 Reps
Rest 30 Seconds (My favourite part, again)
@CentrFit",
Chris,2022-10-10T20:33:54Z,1579570941293899800,Time for a Full Body Pump-Up with @Centrfit. Keep going until you hit 4 reps! https://t.co/d6ZEGVcvAw,
Chris,2022-10-06T15:30:04Z,1578044929422540800,"TheÂ best way to live a longer and healthier life is apparently to risk it for entertainment purposes.
Join me as I take on some of the most challenging tests of my life.
#LimitlessWithChrisHemsworth, a #DisneyPlus Original series from @NatGeo, streaming Nov 16 on @DisneyPlus https://t.co/uyY4AhGjj6",
Chris,2022-10-05T15:08:39Z,1577677152719442e3,Glad to have Mjolnir back in one piece. Hasnâ€™t changed a bit https://t.co/STVyJBdSPw,
Chris,2022-09-30T13:33:14Z,1575841199784865800,"Punching my way into the weekend, letâ€™s go ğŸ’ªğŸ’ª @CentrFit https://t.co/eGZq1AXaYr",
Chris,2022-09-26T19:55:05Z,1574487742511300600,"@news21shark @CentrFit Week 5! Crushing it, Savannah! Keep it up ğŸ’ª @CentrFit",
Chris,2022-09-26T19:54:29Z,1574487595433721900,"@BenLovesMovies ove that youâ€™re introducing meditations to your kids at such an early age. This is a great story. Thanks for sharing, Ben! @CentrFit",
Chris,2022-09-26T19:53:22Z,1574487314310611e3,"I thought we had this removed from the internetâ€¦but, maybe itâ€™s time to get the band back together @ChrisEvans, @MarkRuffalo, @RobertDowneyJr   thoughts? https://t.co/QnxLAXNIZF",
Chris,2022-09-26T19:51:32Z,1574486850705801200,@_vickyajmera @narendramodi Now thatâ€™s a cake! Happy Birthday!,
Chris,2022-09-26T19:51:10Z,1574486760452677600,"No competition here, Griffâ€™s got this! ğŸ’ª https://t.co/erRaUFHn9q",
Chris,2022-09-26T02:54:09Z,1574230818884665300,"If the sea sickness doesnâ€™t get me. This bad boy certainly will. We call this the 200 Club @centrfit ğŸ’ª Good luck!

Mountain Climbers X 200 Reps
Squats X 200 Reps
Push-Ups X 200 Reps
Flutter Kicks X 200 Reps
Sit Thru X 200 Reps https://t.co/YDCkwlXa1Q",
Chris,2022-09-24T18:11:41Z,1573736947960479700,"ğŸš¨Â We're landing helicopters on moving trainsÂ ğŸš¨Â 

WE ARE BACK for Extraction 2 - where the on-camera stunt-work is just as mind-blowing as the behind-the-scenes effort it takes to shoot it! #RakeLives #TUDUM https://t.co/j13wGoWEeT",
Chris,2022-09-19T01:20:19Z,1571670488824545300,"Ready to kick off the week with this @centrfit strength &amp; cardio routine? Letâ€™s go! ğŸ’ª 6 reps, total! https://t.co/onJ4eUKs5U",
Chris,2022-09-14T15:30:36Z,1570072532669141e3,I thought we were playing truth or dare? https://t.co/NTMF4qwzHU,
Chris,2022-09-14T15:29:51Z,1570072341220331500,"@midjourneymen Well, this is a first. Incredible skills!",
Chris,2022-09-14T15:29:33Z,1570072266980958200,Nope. https://t.co/JQSagpPbF2,
Chris,2022-09-14T15:28:51Z,1570072091096907800,"@JamesStratton36 @torrewofficial @CentrFit Great combo, going to try this one next! Thanks, James!",
Chris,2022-09-14T15:28:36Z,1570072026731217e3,"@krshna74 What @centrfit said! You smashed it, Sanjeev! ğŸ’ª",
Chris,2022-09-14T15:28:02Z,1570071885391753200,"@MartinHayman @CentrFit Happy to hear that @centrfit has helped with your motivation! Keep up the good work, mate!",
Chris,2022-09-14T00:39:54Z,1569848380729204700,Hereâ€™s a little behind the scenes look at some of the fun and madness that went into the making of @MarvelStudios #ThorLoveAndThunder  â¤ï¸âš¡ï¸ Now Streaming on @DisneyPlus https://t.co/nLnRXzKM7y,
Chris,2022-09-12T21:55:23Z,1569444587986616300,"Bird Dog - 10 reps
Bicycle Sit Ups  - 10 reps
Alternating Supermans  - 10 reps
Scissor Kicks  - 10 reps
Butterfly Sit Up  - 10 reps
Medicine Ball Crunch  - 10 reps
Crunch - 10 reps
Flutter Kicks - 10 reps

Rest 60 seconds and repeat 4 more times.",
Chris,2022-09-12T21:55:21Z,1569444581921652700,Back on the boat with my go-to core workout. Try at your own pace but keep pushing yourself! Follow along and donâ€™t stop until you hit 50 reps! Youâ€™ve got this! ğŸ’ª @CentrFit https://t.co/qJm1x5Xoec,
Chris,2022-09-08T16:04:00Z,1567906608646164500,"Time to clear the schedule because #ThorLoveAndThunder is now streaming only on @DisneyPlus! Watch it once, watch it 9 times in a row. Watch it in slow motion or with subtitles in a different language. The viewing options are endless!!! â¤ï¸ &amp; âš¡ï¸#DisneyPlusDay https://t.co/lk2ysH4jmN",
Chris,2022-08-31T21:09:26Z,1565084369840111600,@lisamorelli56 Cheers! Enjoy the show!,
Chris,2022-08-31T21:09:05Z,1565084282858635300,Please donâ€™t get a tattoo with anything Iâ€™ve ever said ğŸ˜‚ https://t.co/I680go7xxt,
Chris,2022-08-31T21:08:38Z,1565084171441262600,That was Zeus https://t.co/djoqiWUFfV,
Chris,2022-08-31T21:07:43Z,1565083938795692e3,@MrMike3134 @ChrisDcjdrn Amazing! Keep up the good work @MrMike3134,
Chris,2022-08-24T21:52:09Z,1562558405142753300,"Try this one out ğŸ’ªğŸ» Every 10 reps the exercise will change but the difficulty gets easier donâ€™t stop until you hit 50 reps!
Dumbbell burpee curl - 10 reps
Squat curl press - 10 reps
Alternating reverse lunge &amp; curl - 10 reps
Bicep curl - 10 reps 
Standing shoulder press - 10 reps https://t.co/nbO7kfuyqp",
Chris,2022-08-22T11:50:23Z,1561682190207012900,Get your couches ready for the premiere of Thor: Love and Thunder on @DisneyPlus on September 8th. #DisneyPlusDay https://t.co/7y5jznvIow,
Chris,2022-08-19T13:54:22Z,1560626229455323100,@anae7_smiash Hi Ananya! Wouldnâ€™t want to make you do this for a whole weekâ€¦,
Chris,2022-08-19T13:53:42Z,1560626059204333600,"@ThatYankeesDude Wow, thanks Jimmie! Enjoy @centrfit!",
Chris,2022-08-19T13:51:59Z,1560625628151533600,@CaptCash You assumed correctly. Thatâ€™s exactly how I limber up ğŸ˜‚,
Chris,2022-08-19T13:50:51Z,1560625343194701800,"@dadnos1986 Youâ€™ve got this, mate! Keep up the good work! @CentrFit",
Chris,2022-08-19T13:50:24Z,1560625229931679700,Didnâ€™t we settle this in #LoveandThunder? https://t.co/STnMZAGtbv,
Chris,2022-08-19T13:48:08Z,1560624658944168e3,@sarahmontague @ElsaPataky_ @netflix She can do it all!ğŸ‘‘,
Chris,2022-08-19T13:47:34Z,1560624518900711400,"I mean, how else do you learn the true meaning of friendship? Thanks #TheSaddleClub https://t.co/Qq4mUjVMnF",
Chris,2022-08-19T13:45:37Z,1560624028192501800,"@sami_sp @RugbyInsideLine Put me in, coach!",
Chris,2022-08-19T13:45:16Z,1560623939109503e3,This is incredible! Wishing you and your students a great year ahead. https://t.co/9xXXIOFnh2,
Chris,2022-08-11T23:10:33Z,1557867095311802400,My younger self would be so disappointed https://t.co/lKAGexVDO1,
Chris,2022-08-11T22:48:34Z,1557861560822796300,@JamesStratton36 @CentrFit Crushing it!,
Chris,2022-08-11T22:47:43Z,1557861347940974600,@chattypatra And you have my undying gratitude for your support!,
Chris,2022-08-11T22:47:15Z,1557861228835246e3,@MackAttack13x @CentrFit LEGEND!!!,
Chris,2022-08-11T22:46:34Z,1557861056294166500,"@TheaAchillea @marvel_uk @BobbyDazzler84 @TaikaWaititi I better watch out, sheâ€™s coming for my job! What a talent!",
Chris,2022-08-11T22:46:07Z,1557860946147610600,"@ThomasRayEllin1 @CentrFit Congrats, ThomasRay! You got this!",
Chris,2022-08-11T22:45:20Z,1557860747744399400,"@MarkRuffalo Hahaha, thanks mate!",
Chris,2022-08-11T22:40:57Z,1557859643027640300,@JeremyRenner Thanks mate!,
Chris,2022-08-04T22:20:31Z,1555317788113178600,@djacobsvoice Family workouts are the best workouts. Great to hear!,
Chris,2022-08-04T22:20:03Z,1555317669259124700,"@sinha_saurabh08 She is worthy! Congrats, Saikhom, you legend.",
Chris,2022-08-04T22:18:41Z,1555317324818763800,@troddenon @thorofficial @russellcrowe @melissamccarthy @KevinFiege1 @melissamccarthy always steals the show! Thanks for watching!,
Chris,2022-08-04T22:18:07Z,1555317181222568e3,A massive artistic talent! But let's not overlook that she also has the smarts to rightly select ME as the first in the Marvel collection ğŸ˜‰ğŸ˜œ https://t.co/ZC3eabze7X,
Chris,2022-08-04T22:16:29Z,1555316771720048600,I keep telling people that my dulcet tones can do more than scream FOR ASGARD! https://t.co/rkQssPucBs,
Chris,2022-08-04T22:11:53Z,1555315614243205e3,I like to meet the morning sun with a good high kick. https://t.co/6hl6ddApCl,
Chris,2022-07-27T22:44:26Z,1552424703746519e3,@hemswrld This is exactly what I say to myself every morning when I look in the mirror.,
Chris,2022-07-27T22:43:38Z,1552424500096290800,Glad I could help bridge the gap. Thanks for watching! https://t.co/2Q4TEwhooo,
Chris,2022-07-27T22:42:41Z,1552424261801083e3,Please don't blame them. It's my fault. Any TikTok tips? https://t.co/1X8YWAOkMZ,
Chris,2022-07-19T23:30:26Z,1549537174965702700,@BrandonStenning Happy birthday Brandon's Mum!,
Chris,2022-07-19T23:30:06Z,1549537092308332500,"*blushing* thanks, @cdkush2271! https://t.co/PAcKMEIcRC",
Chris,2022-07-19T23:29:40Z,1549536983352893400,Thanks so so much for all the support! https://t.co/IqzVbXkeun,
Chris,2022-07-19T23:29:16Z,1549536883260043300,Glad you enjoyed! Keep up the good work! https://t.co/eUdqbzY7Pr,
Chris,2022-07-19T23:28:51Z,1549536777479737300,@JDG919 Thanks for watching!,
Chris,2022-07-19T23:28:23Z,1549536659678539800,@Fatimatweets_14 @taylorswift13 @selenagomez @babarazam258 Happy Belated Birthday to you!,
Chris,2022-07-19T23:28:00Z,1549536563851247600,"Thanks for watching, mate! https://t.co/I3CZ8wCHO4",
Chris,2022-07-19T23:27:23Z,1549536409739993e3,"The strongest Avenger by far. You are my heart hero, Seb. #HeartHeroSeb https://t.co/HDycoAtx0n",
Chris,2022-07-19T23:25:51Z,1549536024455311400,"This is great! Hope you enjoyed it, Alexander! https://t.co/sPoyOVOU2I",
Chris,2022-07-19T23:25:23Z,1549535904418521e3,It was so much fun! Sheâ€™s the sweetest. https://t.co/7FhqrD1PSa,
Chris,2022-07-19T23:24:44Z,1549535743613083600,Thanks for watching @palmsjane1965 â¤ https://t.co/NdJddduiC0,
Chris,2022-07-19T23:24:11Z,1549535604483842e3,"@GreenHornet786 Rocket, no question.",
Chris,2022-07-19T23:23:35Z,1549535453144961e3,@loverifnotmine Miss you more!,
Chris,2022-07-18T22:34:18Z,1549160662332371e3,@CentrFit has everything you need for your fitness journey. What it doesnâ€™t have is advice on what to do with your hands in photos. Iâ€™m hoping this helps everyone out there. Hereâ€™s my 3 looks... https://t.co/sWTrJjd2zq,
Chris,2022-07-14T23:51:03Z,1547730427019858e3,Hereâ€™s some BTS rehearsals with Rocket. Heâ€™s one of the most generous artists Iâ€™ve ever worked with. Although super quiet... https://t.co/fgrxjead8b,
Chris,2022-07-10T20:47:57Z,1546234794362773500,@gracehelpclub @TwitterMovies @Twitter Love you @gracehelpclub!,
Chris,2022-07-10T20:47:18Z,1546234629874765800,"@Tabathamarshal Tell your mom I love her, too! Youâ€™re a great daughter. Enjoy the film!",
Chris,2022-07-10T20:46:27Z,1546234417303126e3,@Kelvin04812181 @TwitterMovies Thank your brother for me and be sure to tell him heâ€™s lucky to have a sibling like you.,
Chris,2022-07-10T20:45:43Z,1546234234959962e3,"@PaulaJain @thorofficial @TaikaWaititi @cineworld Thanks, Paula! So glad you loved it.",
Chris,2022-07-10T20:44:44Z,1546233985277300700,"@DJKN3KWTIII @TaikaWaititi Thank you @DJKN3KWTIII, grateful for your support!",
Chris,2022-07-10T20:43:54Z,1546233774035320800,@dundundaan Stay hydrated @dundundaan,
Chris,2022-07-10T20:43:12Z,1546233599774658600,@appiefyy Hereâ€™s my shameless plug to try a 7-day free trial with @centrfit to get started! ğŸ˜‚ğŸ’ª,
Chris,2022-07-10T20:41:38Z,1546233206193754e3,"@ModernVampire_ Stole my heart, too! â¤",
Chris,2022-07-10T20:41:08Z,1546233078305230800,@scphynest @thorofficial Thanks so much!,
Chris,2022-07-10T20:40:36Z,1546232945832349700,@blurayangel Showing this tweet to my kids ğŸ˜‚,
Chris,2022-07-09T22:29:36Z,1545897990237261800,Big Puppy Dog Energy ğŸ• https://t.co/K9kD03Cfgw,
Chris,2022-06-30T21:07:44Z,1542615895637229600,"@CentrFit our motto is you can train anywhere, anytime. This video is proof. Just got my PB in this ball pit for the 100 meter freestyle https://t.co/X0m4EbaUwc",
Chris,2022-06-27T16:38:09Z,1541460886870667300,"For over a decade you have shown us that Thor is still worthy. Weâ€™re humbled and grateful to all of you who have been part of this incredible journey. 
We canâ€™t wait for you to see #ThorLoveAndThunder in theaters July 8th â¤ï¸âš¡ï¸ Preorder your tickets now at link in bio! https://t.co/EOt6pd7WYa",
Chris,2022-06-21T04:53:45Z,1539109294683177e3,"Go see Marvel Studiosâ€™ Thor: Love and Thunder â¤ï¸ âš¡ï¸, because thatâ€™s what heroes do. In theaters July 8th. https://t.co/yhBM6K7883",
Chris,2022-06-18T01:04:26Z,1537964420013228e3,So excited to share Spiderhead with you all! Showing on @NetflixFilm now. Get your drip on and check it out https://t.co/vJVTbmhw8A,
Chris,2022-06-15T10:34:55Z,1537020824648986600,Get tickets now at @fandango and see Christian Bale bring to life one of the greatest villains the MCU has ever seen @MarvelStudios https://t.co/XBIP1tqx3r,
Chris,2022-06-03T06:55:57Z,1532617066208895e3,@CentrFit https://t.co/JVHiVTtMh6,
Chris,2022-06-01T20:30:57Z,1532097388860452900,A new journey in the Mad Max saga begins #FURIOSA https://t.co/nhxqRXB73z,
Chris,2022-05-27T00:30:30Z,1529983349502070800,New Program @CentrFit check it out now ğŸ’ªğŸ» https://t.co/NeIAdg2p3S,
Chris,2022-05-24T02:00:13Z,1528918764233687e3,July 8th Thor Love and Thunder âš¡ï¸ https://t.co/CLmTul9tCc,
Chris,2022-05-23T03:27:01Z,1528578219036663800,Get ready everyone! Thor Love and Thunder official trailer dropping tomorrow @MarvelStudios @thorofficial https://t.co/KxcTU2IJq6,
Chris,2022-05-17T21:00:51Z,1526669096510558200,Drip on? Spiderhead on @NetflixFilm June 17 @Miles_Teller @jurneesmollett https://t.co/35Ib9NS7Xi,
Chris,2022-05-16T18:06:18Z,1526262781871202300,Drip On? @NetflixFilm https://t.co/UIoBgHuFtR,
Chris,2022-04-20T01:46:30Z,1516594124794695700,Worldâ€™s strongest Avenger with the worldâ€™s best fans! Thank you for the 209M views in 24 hours! â¤ï¸ https://t.co/8MtmgaEc0S,
Chris,2022-04-18T20:21:59Z,1516150068058935300,Hereâ€™s also an epic Love and Thunder poster. I drew it free hand in my spare time. @marvelstudios @thorofficial #thorloveandthunder https://t.co/fmJfodFQKE,
Chris,2022-04-18T14:30:37Z,1516061641770619e3,"Hereâ€™s the first teaser for Thor Love And Thunder. All the feels of a classic Thor adventure . Big, loud and Crazy and full of heart.Â Youâ€™ll laugh youâ€™ll cry, then youâ€™ll laugh so much youâ€™ll cry some more!! Love and Thunder coming at you all July 8th!! https://t.co/l5CoIJJif1",
Chris,2022-03-31T17:26:03Z,1509582808989245400,Just posted a photo https://t.co/1P33KxSRLu,
Chris,2022-03-17T17:23:43Z,1504508795615170600,Just posted a photo https://t.co/UoOkrawPgW,
Chris,2022-01-28T14:15:19Z,1487066762063585300,Finishing the week strong with some well deserved Iron Punishment!! Get some @centrfit ğŸ’ªğŸ»ğŸ’ªğŸ»ğŸ’ªğŸ» https://t.co/6xW2GO7lBz,
Chris,2021-12-23T20:52:30Z,1474120753381470200,Merry Xmas from the team at @CentrFit . And in the spirit of giving weâ€™re giving 4 weeks free if you sign up now at https://t.co/ed0KpIZfH8 my team of experts are with you anywhere anytime. Letâ€™s get moving see ya there. https://t.co/sdhaG23yA7,
Chris,2021-12-02T13:44:38Z,1466402933940146200,Just posted a photo https://t.co/5dim0RyHtV,
Chris,2021-11-21T10:51:14Z,1462373029057544200,Ready to celebrate the holidays like a BOSS? @boss #BOSSBottled https://t.co/JfB2iYEBwq,
Chris,2021-11-17T17:42:26Z,1461026958859542500,The struggle was real in this brutal Pilates session thanks to @centrfit @liamhemsworth @bobbydazzler84 @zocobodypro https://t.co/XXpUclNFm4,
Chris,2021-11-02T18:04:45Z,1455596760177340400,Punching my way through jet lag thanks to @centrfit with some High Intensity Training. Nothing gets you over a long trip like a punchy workout. https://t.co/KDeiJKsREq,
Chris,2021-10-11T19:57:50Z,1447652685323202600,"Join @CentrFit now and meet the team of experts who have shaped and inspired me over the years. Get healthier, happier, stronger. You donâ€™t have to make yourself by yourself @CentrFit https://t.co/YOudmMVcYw",
Chris,2021-09-27T20:54:13Z,1442593442169647e3,Just posted a photo https://t.co/jLd5Ut17pS,
Chris,2021-09-07T06:11:51Z,1435123629688197e3,"In 2019 I partnered with @Emirates and @EXPO2020Dubai to help bring awareness to what is a really important event for the world. If you are able to travel and you feel itâ€™s safe, I sincerely hope you can make it.
#FlyEmiratesFlyBetter #Expo2020 https://t.co/BhF2XSuWlL",
Chris,2021-08-18T22:27:42Z,1428121452541214700,Massive results for @erikconover from our new program Centr Power! So stoked for you mate. Join Erik and others today by signing up at @centrfit link in bio! https://t.co/yr9JPkpmtV,
Chris,2021-08-16T23:13:45Z,1427408265151922200,Welcome to the MCU Shang-Chi! Canâ€™t wait to see this. Itâ€™s going to be epic! Out September 3rd #ShangChi @marvelstudios https://t.co/CSa8KSmjQs,
Chris,2021-08-06T23:18:24Z,1.4237855568115999e+18,Just posted a video https://t.co/GkPP746mLL,
Chris,2021-03-22T21:35:39Z,1374112562086809600,The following contains a few naughty words ğŸ¤¬It also contains some truth about me that Iâ€™m ağŸ¤¬ğŸ˜œ. @centrfit https://t.co/vOKxwtZelO,
Chris,2021-02-18T21:01:39Z,1362507595714601e3,If itâ€™s results you wanna see my team is a-head of the game ğŸ˜œ sign up @centrfit now. Link in bio https://t.co/JrghymPkry,
Chris,2020-06-24T23:59:53Z,1275941747374391300,EPIC! https://t.co/ABwPn63chv,
Chris,2020-05-13T23:31:41Z,1260714361636769800,"#ALLINCHALLENGE accepted.  Iâ€™m inviting you and a guest to the premiere of THOR: LOVE &amp; THUNDER!  Donations go to @nokidhungry, #mealsonwheels and #americasfoodfund which benefits @FeedingAmerica and @WCKitchen. https://t.co/OPiTWmljec https://t.co/eqTltSmv5t",
Chris,2020-05-08T21:15:10Z,1258868068589154300,Just going through some workout equipment for EXTRACTION training https://t.co/63B86BgDJi,
Chris,2020-05-06T18:37:48Z,1258103688230572e3,"@NetflixLAT Mates, please... https://t.co/9wTTpIJvC1",
